Original_Title,HLTB_Found,HLTB_Game_Name,HLTB_Main_Story,HLTB_Main_Extra,HLTB_Completionist,HLTB_All_Styles,HLTB_Review_Score,HLTB_Platforms,HLTB_Release_World,HLTB_Similarity,HLTB_Match_Score,HLTB_Query_Used
112 Operator,True,112 Operator,10.15,19.14,28.07,12.82,70.0,"Nintendo Switch, PC",2020.0,1.0,1.0,112 Operator
20 Minutes Till Dawn,True,20 Minutes Till Dawn,3.65,12.41,30.07,12.95,69.0,"Mac, Mobile, Nintendo Switch, PC",2023.0,1.0,1.0,20 Minutes Till Dawn
2064: Read Only Memories,True,2064: Read Only Memories,9.1,11.5,18.99,10.74,71.0,"Nintendo Switch, PC, PlayStation 4, PlayStation Vita",2015.0,1.0,1.0,2064: Read Only Memories
20XX,True,20XX,5.98,14.39,40.5,8.69,68.0,"Nintendo Switch, PC, PlayStation 4, Xbox One",2014.0,1.0,1.0,20XX
"3 out of 10, EP 1: ""Welcome To Shovelworks""",False,,,,,,,,,,,
3 out of 10: Season Two,True,3 out of 10: Season Two,3.49,4.39,5.58,4.13,66.0,PC,2021.0,1.0,1.0,3 out of 10: Season Two
911 Operator,True,911 Operator,6.34,10.41,21.38,9.21,64.0,"Mobile, Nintendo Switch, PC",2017.0,1.0,1.0,911 Operator
>observer_,True,Observer,6.93,8.7,11.47,7.88,71.0,"Nintendo Switch, PC, PlayStation 4, Xbox One",2017.0,1.0,1.0,>observer_
A Game Of Thrones: The Board Game Digital Edition,False,,,,,,,,,,,
A Plague Tale: Innocence,True,A Plague Tale: Innocence,10.94,12.58,15.95,12.29,80.0,"Nintendo Switch, PC, PlayStation 4, PlayStation 5, Xbox One, Xbox Series X/S",2019.0,1.0,1.0,A Plague Tale: Innocence
A Short Hike,True,A Short Hike,1.51,2.15,4.66,2.28,82.0,"Linux, Mac, Nintendo Switch, PC, PlayStation 4, Xbox One",2019.0,1.0,1.0,A Short Hike
A Total War Saga: Troy,True,Total War Saga: TROY,35.13,62.88,82.67,45.3,67.0,PC,2020.0,0.9523809523809524,0.95,A Total War Saga: Troy
ABZÛ,True,ABZÛ,1.93,2.45,4.04,2.24,74.0,"Nintendo Switch, PC, PlayStation 4, Xbox One",2016.0,1.0,1.0,ABZÛ
APE OUT,True,Ape Out,2.16,3.05,9.51,2.43,75.0,"Nintendo Switch, PC, Xbox One",2019.0,1.0,1.0,APE OUT
ARK: Survival Evolved,True,ARK: Survival Evolved,67.59,278.06,953.31,263.51,65.0,"Google Stadia, Mac, Mobile, Nintendo Switch, PC, PlayStation 4, Xbox One",2017.0,1.0,1.0,ARK: Survival Evolved
Absolute Drift,True,Absolute Drift,2.71,4.5,9.11,5.02,65.0,"Linux, Mobile, Nintendo Switch, PC, PlayStation 4, Xbox One",2015.0,1.0,1.0,Absolute Drift
Adios,True,Adios,1.32,1.49,2.02,1.47,60.0,"Nintendo Switch, PC, Xbox One",2021.0,1.0,1.0,Adios
Aer: Memories of Old,True,AER: Memories of Old,3.06,3.91,4.38,3.8,66.0,"Linux, Mac, Nintendo Switch, PC, PlayStation 4, Xbox One",2017.0,1.0,1.0,Aer: Memories of Old
Aerial_Knight's Never Yield,True,Aerial_Knight's Never Yield,1.47,2.44,2.58,1.82,55.0,"Mobile, Nintendo Switch, PC, PlayStation 4, Xbox One, Xbox Series X/S",2021.0,1.0,1.0,Aerial_Knight's Never Yield
Against All Odds,True,Against All Odds,1.0,0.0,0.0,1.0,31.0,PC,2023.0,1.0,1.0,Against All Odds
Alan Wake,True,Alan Wake,11.17,14.39,27.34,13.1,78.0,"PC, Xbox 360",2010.0,1.0,1.0,Alan Wake
Alan Wake's American Nightmare,True,Alan Wake's American Nightmare,3.63,4.67,8.55,4.32,67.0,"PC, PlayStation 3, Xbox 360",2012.0,1.0,1.0,Alan Wake's American Nightmare
Alba - A Wildlife Adventure,False,,,,,,,,,,,
Albion Online - Free Welcome Gift,False,,,,,,,,,,,
Albion Online - Rogue Journeyman Bundle,False,,,,,,,,,,,
Alien: Isolation,True,Alien: Isolation,18.29,22.54,34.09,20.8,83.0,"Linux, Mac, Mobile, Nintendo Switch, PC, PlayStation 3, PlayStation 4, Xbox 360, Xbox One",2014.0,1.0,1.0,Alien: Isolation
Alien: Isolation - Last Survivor,False,,,,,,,,,,,
Amnesia: A Machine for Pigs,True,Amnesia: A Machine for Pigs,4.14,5.01,5.89,4.62,63.0,"Nintendo Switch, PC, PlayStation 4, Xbox One",2013.0,1.0,1.0,Amnesia: A Machine for Pigs
Amnesia: Rebirth,True,Amnesia: Rebirth,8.7,10.69,14.68,9.8,69.0,"Amazon Luna, Linux, Nintendo Switch, Nintendo Switch 2, PC, PlayStation 4, Xbox One, Xbox Series X/S",2020.0,1.0,1.0,Amnesia: Rebirth
Amnesia: The Bunker,True,Amnesia: The Bunker,5.45,7.4,13.67,6.78,77.0,"Nintendo Switch, PC, PlayStation 4, Xbox One, Xbox Series X/S",2023.0,1.0,1.0,Amnesia: The Bunker
Amnesia: The Dark Descent,True,Amnesia: The Dark Descent,7.95,9.08,11.71,8.45,78.0,"Linux, Mac, Nintendo Switch, PC, PlayStation 4, Xbox One",2010.0,1.0,1.0,Amnesia: The Dark Descent
Among Us,True,Among Us,8.66,16.14,27.76,14.7,70.0,"Mobile, Nintendo Switch, PC, PlayStation 4, PlayStation 5, Xbox One, Xbox Series X/S",2018.0,1.0,1.0,Among Us
Among the Sleep Enhanced Edition,True,Among the Sleep,2.35,3.12,3.56,2.77,67.0,"Linux, Mac, Nintendo Switch, PC, PlayStation 4, Xbox One",2014.0,0.9696969696969696,0.99,Among the Sleep Enhanced Edition
Ancient Enemy,True,Ancient Enemy,7.86,10.21,13.5,10.14,65.0,PC,2020.0,1.0,1.0,Ancient Enemy
Anodyne 2: Return to Dust,True,Anodyne 2: Return to Dust,8.24,10.3,11.32,10.2,79.0,"Linux, Mac, Nintendo Switch, PC, PlayStation 4, PlayStation 5, Xbox One, Xbox Series X/S",2019.0,1.0,1.0,Anodyne 2: Return to Dust
Antstream - Epic Welcome Pack,False,,,,,,,,,,,
Apex Legends™: Ash Free Unlock Bundle,False,,,,,,,,,,,
Apex Legends™: Conduit Free Unlock Bundle,False,,,,,,,,,,,
Apex Legends™: Loba Free Unlock Bundle,False,,,,,,,,,,,
Arcade Paradise,True,Arcade Paradise,25.0,28.33,46.82,28.89,70.0,"Nintendo Switch, PC, PlayStation 4, PlayStation 5, Xbox One, Xbox Series X/S",2022.0,1.0,1.0,Arcade Paradise
Arcadgeddon Promo bundle,False,,,,,,,,,,,
Ark: Survival Evolved,True,ARK: Survival Evolved,67.59,278.06,953.31,263.51,65.0,"Google Stadia, Mac, Mobile, Nintendo Switch, PC, PlayStation 4, Xbox One",2017.0,1.0,1.0,Ark: Survival Evolved
Asphalt Legends UNITE: Triple Decal Pack,False,,,,,,,,,,,
Assassin's Creed: Syndicate,True,Assassin's Creed: Syndicate,19.0,33.89,55.8,33.97,73.0,"Google Stadia, PC, PlayStation 4, Xbox One",2015.0,1.0,1.0,Assassin's Creed: Syndicate
Astrea: Six Sided Oracles,True,Astrea: Six-Sided Oracles,12.41,21.54,49.78,15.81,80.0,"Nintendo Switch, PC, PlayStation 4, PlayStation 5, Xbox One, Xbox Series X/S",2023.0,0.96,1.0,Astrea: Six Sided Oracles
Astro Duel 2,True,Astro Duel II,1.39,2.33,3.0,1.58,57.0,"Mac, PC",2024.0,1.0,0.9,Astro Duel 2
Automachef,True,Automachef,24.99,35.41,44.56,36.8,63.0,"Nintendo Switch, PC",2019.0,1.0,1.0,Automachef
Aven Colony,True,Aven Colony,26.65,35.05,37.51,29.74,71.0,"PC, PlayStation 4, Xbox One",2017.0,1.0,1.0,Aven Colony
Axiom Verge,True,Axiom Verge,10.71,13.4,17.13,12.57,78.0,"Linux, Mac, Nintendo Switch, PC, PlayStation 4, PlayStation Vita, Wii U, Xbox One",2015.0,1.0,1.0,Axiom Verge
Aztez,True,Aztez,3.88,0.0,20.72,4.5,57.0,PC,2017.0,1.0,1.0,Aztez
Backpack Hero,True,Backpack Hero,12.29,46.38,57.89,38.98,70.0,"Linux, Mac, Nintendo Switch, PC",2022.0,1.0,1.0,Backpack Hero
Bad North: Jotunn Edition,False,,,,,,,,,,,
Barony,True,Barony,11.58,27.73,65.53,17.64,70.0,PC,2015.0,1.0,1.0,Barony
Batman Arkham - Trilogy,False,,,,,,,,,,,
Batman: Arkham City - Game of the Year Edition,True,Batman: Arkham City,12.45,21.58,45.87,18.23,86.0,"OnLive, PC, PlayStation 3, Wii U, Xbox 360",2011.0,1.0,0.99,Batman: Arkham City
Batman: Arkham Knight,True,Batman: Arkham Knight,17.03,31.47,51.26,30.95,83.0,"PC, PlayStation 4, Xbox One",2015.0,1.0,1.0,Batman: Arkham Knight
Bear and Breakfast,True,Bear and Breakfast,21.61,25.94,35.29,31.1,66.0,"Nintendo Switch, PC, PlayStation 4, PlayStation 5",2022.0,1.0,1.0,Bear and Breakfast
Behind the Frame: The Finest Scenery,True,Behind the Frame: The Finest Scenery,1.2,1.56,1.93,1.54,74.0,"Mobile, Nintendo Switch, PC, PlayStation 4",2021.0,1.0,1.0,Behind the Frame: The Finest Scenery
Beholder,True,Beholder,6.08,10.49,21.41,8.72,69.0,"Mobile, Nintendo Switch, PC, PlayStation 4, Xbox One",2016.0,1.0,1.0,Beholder
Bendy and the Ink Machine,True,Bendy and the Ink Machine,4.58,7.0,11.85,5.57,67.0,"Mobile, Nintendo Switch, PC, PlayStation 4, PlayStation 5, Xbox One, Xbox Series X/S",2018.0,1.0,1.0,Bendy and the Ink Machine
Beyond Blue,True,Beyond Blue,2.64,3.97,5.41,3.81,68.0,"Mobile, Nintendo Switch, PC, PlayStation 4, Xbox One",2020.0,1.0,1.0,Beyond Blue
BioShock 2 Remastered,True,BioShock 2,10.54,14.41,23.69,12.94,79.0,"Nintendo Switch, PC, PlayStation 3, PlayStation 4, Xbox 360, Xbox One",2010.0,0.9767441860465116,0.99,BioShock 2 Remastered
BioShock Infinite: The Complete Edition,True,Bioshock Infinite: The Complete Edition,12.07,19.04,36.01,18.15,86.0,"Nintendo Switch, PC, PlayStation 3, Xbox 360",2014.0,1.0,1.0,BioShock Infinite: The Complete Edition
BioShock: The Collection,True,BioShock: The Collection,34.99,49.4,67.01,46.24,87.0,"Nintendo Switch, PC, PlayStation 4, Xbox One",2016.0,1.0,1.0,BioShock: The Collection
Black Book,True,Black Book,21.3,30.84,37.7,30.41,73.0,"Nintendo Switch, PC, PlayStation 4, Xbox One, Xbox Series X/S",2021.0,1.0,1.0,Black Book
Black Widow: Recharged,True,Black Widow: Recharged,1.46,2.81,5.09,2.64,57.0,"Linux, Mac, Nintendo Switch, PC, PlayStation 4, PlayStation 5, Xbox One, Xbox Series X/S",2021.0,1.0,1.0,Black Widow: Recharged
Blair Witch,True,Blair Witch,5.14,5.95,10.17,5.6,64.0,"Amazon Luna, Nintendo Switch, Meta Quest, PC, PlayStation 4, Xbox One",2019.0,1.0,1.0,Blair Witch
Blazing Sails,True,Blazing Sails,1.5,0.0,0.0,1.5,49.0,PC,2020.0,1.0,1.0,Blazing Sails
Blood West,True,Blood West,13.56,22.01,34.73,22.39,74.0,"PC, PlayStation 5, Xbox Series X/S",2022.0,1.0,1.0,Blood West
Bloodstained: Ritual of the Night,True,Bloodstained: Ritual of the Night,14.04,20.68,35.56,21.34,79.0,"Amazon Luna, Google Stadia, Mobile, Nintendo Switch, PC, PlayStation 4, Xbox One",2019.0,1.0,1.0,Bloodstained: Ritual of the Night
Bloons TD 6,True,Bloons TD 6,36.42,117.22,591.21,116.69,78.0,"Mac, Mobile, PC, PlayStation 4, Xbox One",2018.0,1.0,1.0,Bloons TD 6
Borderlands 2 - Commander Lilith & the Fight for Sanctuary,False,,,,,,,,,,,
Borderlands 3,True,Borderlands 3,23.37,46.27,84.06,42.78,74.0,"Google Stadia, Nintendo Switch, PC, PlayStation 4, PlayStation 5, Xbox One, Xbox Series X/S",2019.0,1.0,1.0,Borderlands 3
Borderlands: The Handsome Collection,True,Borderlands: The Handsome Collection,50.68,104.48,220.51,94.55,79.0,"Nintendo Switch, PC, PlayStation 4, Xbox One",2015.0,1.0,1.0,Borderlands: The Handsome Collection
Borderlands: The Pre-Sequel,True,Borderlands: The Pre-Sequel!,18.11,29.36,60.51,27.43,70.0,"Linux, Mac, Nintendo Switch, PC, PlayStation 3, PlayStation 4, Xbox 360, Xbox One",2014.0,0.9818181818181818,1.0,Borderlands: The Pre-Sequel
Botanicula,True,Botanicula,3.45,3.83,4.94,3.94,75.0,"Mobile, PC",2012.0,1.0,1.0,Botanicula
Botany Manor,True,Botany Manor,3.43,3.97,4.14,3.93,78.0,"Nintendo Switch, PC, PlayStation 4, PlayStation 5, Xbox One, Xbox Series X/S",2024.0,1.0,1.0,Botany Manor
Bouncemasters,True,Bouncemasters,2.42,0.0,0.0,2.42,70.0,"Mobile, PC",2018.0,1.0,1.0,Bouncemasters
Boxes: Lost Fragments,True,Boxes: Lost Fragments,3.79,3.83,4.04,3.97,75.0,"Mobile, PC",2024.0,1.0,1.0,Boxes: Lost Fragments
Breathedge,True,Breathedge,16.31,24.56,33.34,23.92,65.0,"Nintendo Switch, PC, PlayStation 4, PlayStation 5, Xbox One, Xbox Series X/S",2021.0,1.0,1.0,Breathedge
Bridge Constructor: The Walking Dead,True,Bridge Constructor: The Walking Dead,8.62,10.91,14.63,10.55,64.0,"Linux, Mac, PC, PlayStation 4, PlayStation 5, Xbox One, Xbox Series X/S",2020.0,1.0,1.0,Bridge Constructor: The Walking Dead
Broken Sword : Reforged,False,,,,,,,,,,,
Brotato,True,Brotato,5.38,22.84,63.65,34.32,77.0,"Mobile, Nintendo Switch, PC, PlayStation 4, PlayStation 5, Xbox One, Xbox Series X/S",2023.0,1.0,1.0,Brotato
Brothers: A Tale of Two Sons,True,Brothers: A Tale of Two Sons,3.08,3.5,4.04,3.38,80.0,"Mobile, Nintendo Switch, PC, PlayStation 3, PlayStation 4, Xbox 360, Xbox One",2013.0,1.0,1.0,Brothers: A Tale of Two Sons
Bus Simulator 21 Next Stop,True,Bus Simulator 21,25.22,26.0,51.5,43.46,56.0,"PC, PlayStation 4, Xbox One",2021.0,0.981132075471698,0.9,Bus Simulator 21 Next Stop
CYGNI - All Guns Blazing,False,,,,,,,,,,,
Call of the Sea,True,Call of the Sea,5.65,6.22,7.36,6.21,74.0,"Meta Quest, Nintendo Switch, PC, PlayStation 4, PlayStation 5, Xbox One, Xbox Series X/S",2020.0,1.0,1.0,Call of the Sea
Call of the Wild: The Angler™,False,,,,,,,,,,,
Car Mechanic Simulator 2018,True,Car Mechanic Simulator 2018,27.88,82.11,89.8,60.55,71.0,"PC, PlayStation 4, Xbox One",2017.0,1.0,1.0,Car Mechanic Simulator 2018
Carcassonne,True,Carcassonne,3.5,4.0,8.56,5.59,68.0,Xbox 360,2007.0,1.0,1.0,Carcassonne
Cassette Beasts,True,Cassette Beasts,19.75,27.28,54.48,28.46,80.0,"Linux, Nintendo Switch, PC, Xbox One, Xbox Series X/S",2023.0,1.0,1.0,Cassette Beasts
Castlevania Anniversary Collection,True,Castlevania Anniversary Collection,22.51,27.86,29.01,25.99,77.0,"Nintendo Switch, PC, PlayStation 4, Xbox One",2019.0,1.0,1.0,Castlevania Anniversary Collection
Cat Quest,True,Cat Quest,5.62,7.99,10.66,8.06,73.0,"Mobile, Nintendo Switch, PC, PlayStation 4, PlayStation 5",2017.0,1.0,1.0,Cat Quest
Cat Quest 2,True,Cat Quest II,7.56,9.57,12.54,10.72,76.0,"Mobile, Nintendo Switch, PC, PlayStation 4, Xbox One",2019.0,1.0,0.9,Cat Quest 2
Cat Quest II,True,Cat Quest II,7.56,9.57,12.54,10.72,76.0,"Mobile, Nintendo Switch, PC, PlayStation 4, Xbox One",2019.0,1.0,1.0,Cat Quest II
Cave Story+,True,Cave Story+,6.31,8.62,11.16,7.47,79.0,"Nintendo 3DS, Nintendo Switch, PC, Wii",2011.0,1.0,1.0,Cave Story+
Celeste,True,Celeste,8.31,14.66,39.2,12.74,88.0,"Google Stadia, Linux, Mac, Nintendo Switch, PC, PlayStation 4, Xbox One",2018.0,1.0,1.0,Celeste
Centipede: Recharged,True,Centipede: Recharged,2.14,3.05,3.83,3.14,59.0,"Linux, Mac, Nintendo Switch, PC, PlayStation 4, PlayStation 5, Xbox One, Xbox Series X/S",2021.0,1.0,1.0,Centipede: Recharged
Chess Ultra,True,Chess Ultra,1.96,5.0,8.52,2.94,55.0,"Nintendo Switch, PC, PlayStation 4, Xbox One",2017.0,1.0,1.0,Chess Ultra
Chivalry 2,True,Chivalry II,13.29,43.26,70.58,35.81,73.0,"PC, PlayStation 4, PlayStation 5, Xbox One, Xbox Series X/S",2022.0,1.0,0.9,Chivalry 2
Chuchel,True,Chuchel,2.08,2.31,2.61,2.32,68.0,"Mobile, PC",2018.0,1.0,1.0,Chuchel
Circus Electrique,True,Circus Electrique,16.15,26.08,41.4,22.49,63.0,"Nintendo Switch, PC, PlayStation 4, PlayStation 5, Xbox One, Xbox Series X/S",2022.0,1.0,1.0,Circus Electrique
Cities: Skylines,True,Cities: Skylines,27.6,68.32,183.32,55.8,78.0,"Linux, Mac, Nintendo Switch, PC, PlayStation 4, PlayStation 5, Xbox One, Xbox Series X/S",2015.0,1.0,1.0,Cities: Skylines
City of Brass,True,City Of Brass,4.36,11.84,15.9,5.66,50.0,"Nintendo Switch, PC, PlayStation 4, Xbox One",2018.0,1.0,1.0,City of Brass
City of Gangsters,True,City of Gangsters,35.63,0.0,0.0,35.63,52.0,PC,2021.0,1.0,1.0,City of Gangsters
Clash - Lone Fighter Pack,False,,,,,,,,,,,
Clone Drone in the Danger Zone,True,Clone Drone in the Danger Zone,2.12,15.09,37.91,6.91,72.0,"Nintendo Switch, PC, PlayStation 4, PlayStation 5, Xbox One, Xbox Series X/S",2017.0,1.0,1.0,Clone Drone in the Danger Zone
Close to the Sun,True,Close To The Sun,4.11,5.21,6.15,4.88,64.0,"Nintendo Switch, PC, PlayStation 4, Xbox One",2019.0,1.0,1.0,Close to the Sun
Conarium,True,Conarium,4.07,4.79,5.58,4.55,66.0,"Linux, Mac, Nintendo Switch, PC, PlayStation 4, Xbox One",2017.0,1.0,1.0,Conarium
Control,True,Control,11.71,19.2,28.9,17.64,80.0,"PC, PlayStation 4, PlayStation 5, Xbox One, Xbox Series X/S",2019.0,1.0,1.0,Control
"Cook, Serve, Delicious! 3?!",True,"Cook, Serve, Delicious! 3?!",46.42,53.63,86.28,72.11,74.0,"Nintendo Switch, PC, PlayStation 4, Xbox One",2020.0,1.0,1.0,"Cook, Serve, Delicious! 3?!"
Costume Quest,True,Costume Quest,5.55,6.62,7.45,6.75,73.0,"Linux, Mac, Mobile, PC, PlayStation 3, Xbox 360",2010.0,1.0,1.0,Costume Quest
Costume Quest 2,True,Costume Quest 2,6.75,7.89,9.53,8.23,71.0,"PC, PlayStation 3, PlayStation 4, Wii U, Xbox 360, Xbox One",2014.0,1.0,1.0,Costume Quest 2
Cozy Grove,True,Cozy Grove,73.2,100.49,140.37,104.56,75.0,"Mobile, Nintendo Switch, PC, PlayStation 4, Xbox One",2021.0,1.0,1.0,Cozy Grove
Crashlands,True,Crashlands,28.27,45.43,76.29,44.09,72.0,"Mobile, Nintendo Switch, PC",2016.0,1.0,1.0,Crashlands
Creature in the Well,True,Creature in the Well,4.24,5.76,6.26,5.79,73.0,"Nintendo Switch, PC, PlayStation 4, Xbox One",2019.0,1.0,1.0,Creature in the Well
Crime Boss: Rockay City - Cagnali's Order,False,,,,,,,,,,,
Crime Boss: Rockay City - Dragon's Gold Cup,False,,,,,,,,,,,
Crime Boss: Rockay City - Heavy Hitters Pack,False,,,,,,,,,,,
Crime Boss: Rockay City - Tactical Weapon Pack,False,,,,,,,,,,,
Cris Tales,True,Cris Tales,22.2,25.72,31.26,26.42,66.0,"Nintendo Switch, PC, PlayStation 4, PlayStation 5, Xbox One, Xbox Series X/S",2021.0,1.0,1.0,Cris Tales
Crying Suns,True,Crying Suns,14.81,21.57,45.15,17.64,68.0,"Mobile, Nintendo Switch, PC",2019.0,1.0,1.0,Crying Suns
Cultist Simulator,True,Cultist Simulator,19.37,40.2,109.73,31.49,65.0,"Mobile, Nintendo Switch, PC",2018.0,1.0,1.0,Cultist Simulator
Cursed to Golf,True,Cursed to Golf,6.45,7.12,10.17,7.5,68.0,"Nintendo Switch, PC, PlayStation 4, PlayStation 5, Xbox One, Xbox Series X/S",2022.0,1.0,1.0,Cursed to Golf
DAEMON X MACHINA,True,Daemon X Machina,15.2,22.29,52.54,19.65,63.0,"Nintendo Switch, PC",2019.0,1.0,1.0,DAEMON X MACHINA
DARQ: Complete Edition,True,DARQ,2.1,3.46,4.53,2.82,73.0,"Nintendo Switch, PC, PlayStation 4, PlayStation 5, Xbox One, Xbox Series X/S",2019.0,1.0,0.99,DARQ: Complete Edition
DC Heroes United’s - Super Power Batman Bundle DLC,False,,,,,,,,,,,
DEATH STRANDING,True,Death Stranding,40.5,60.04,112.8,57.71,85.0,"PC, PlayStation 4",2019.0,1.0,1.0,DEATH STRANDING
DEATH STRANDING Director's Cut,True,Death Stranding: Director's Cut,38.15,59.15,111.21,58.95,86.0,"Amazon Luna, Mobile, PC, PlayStation 5, Xbox Series X/S",2021.0,0.9836065573770492,1.0,DEATH STRANDING Director's Cut
DEMON'S TILT,True,DEMON'S TILT,5.42,12.49,14.71,7.12,68.0,"Nintendo Switch, PC, PlayStation 4, Xbox One",2019.0,1.0,1.0,DEMON'S TILT
DNF Duel,True,DNF Duel,1.62,14.56,113.36,4.76,68.0,"Nintendo Switch, PC, PlayStation 4, PlayStation 5",2022.0,1.0,1.0,DNF Duel
DOOM 64,True,Doom 64,7.15,9.21,10.55,8.35,75.0,"Google Stadia, Nintendo 64, Nintendo Switch, PC, PlayStation 4, Xbox One",1997.0,1.0,1.0,DOOM 64
DOOMBLADE,True,DOOMBLADE,10.83,13.2,16.62,13.88,72.0,PC,2023.0,1.0,1.0,DOOMBLADE
Dakar Desert Rally,True,Dakar Desert Rally,19.33,57.75,0.0,28.9,64.0,"PC, PlayStation 4, PlayStation 5, Xbox One, Xbox Series X/S",2022.0,1.0,1.0,Dakar Desert Rally
Dandara: Trials of Fear Edition,True,Dandara,6.87,9.36,12.93,8.78,73.0,"Linux, Mac, Mobile, Nintendo Switch, PC, PlayStation 4, Xbox One",2018.0,0.5961538461538461,0.99,Dandara: Trials of Fear Edition
Dark Deity,True,Dark Deity,23.01,31.2,37.15,27.74,66.0,"Nintendo Switch, PC",2021.0,1.0,1.0,Dark Deity
Dark and Darker - Legendary Status,False,,,,,,,,,,,
Darkest Dungeon,True,Darkest Dungeon,56.63,85.2,128.3,80.12,79.0,"Linux, Mac, Nintendo Switch, PC, PlayStation 4, PlayStation Vita, Xbox One",2016.0,1.0,1.0,Darkest Dungeon
Darksiders Fury's Collection,False,,,,,,,,,,,
Darksiders II: Deathinitive Edition,True,Darksiders II: Deathinitive Edition,19.83,29.76,52.94,27.85,76.0,"Google Stadia, Nintendo Switch, PC, PlayStation 4, PlayStation 5, Xbox One, Xbox Series X/S",2015.0,1.0,1.0,Darksiders II: Deathinitive Edition
Darkwood,True,Darkwood,18.35,26.9,40.91,24.44,81.0,"Nintendo Switch, PC, PlayStation 4, Xbox One",2017.0,1.0,1.0,Darkwood
Dauntless - Epic Slayer Kit,False,,,,,,,,,,,
Dead Cells,True,Dead Cells,14.07,32.01,90.96,21.78,82.0,"Linux, Mac, Mobile, Nintendo Switch, PC, PlayStation 4, PlayStation 5, Xbox One",2018.0,1.0,1.0,Dead Cells
Dead Island 2,True,Dead Island 2,16.12,26.63,39.01,23.94,73.0,"PC, PlayStation 4, PlayStation 5, Xbox One, Xbox Series X/S",2023.0,1.0,1.0,Dead Island 2
Dead by Daylight,True,Dead by Daylight,78.64,356.32,763.43,315.74,68.0,"Google Stadia, Mobile, Nintendo Switch, PC, PlayStation 4, PlayStation 5, Xbox One, Xbox Series X/S",2016.0,1.0,1.0,Dead by Daylight
Deadtime Defenders,True,Deadtime Defenders,1.72,4.27,0.0,2.13,61.0,PC,2020.0,1.0,1.0,Deadtime Defenders
Death Coming,True,Death Coming,4.06,6.31,10.63,5.07,64.0,"Nintendo Switch, PC",2017.0,1.0,1.0,Death Coming
Death's Gambit: Afterlife,True,Death's Gambit: Afterlife,14.35,20.26,42.43,19.26,76.0,"Nintendo Switch, PC, PlayStation 4, Xbox Series X/S",2018.0,1.0,1.0,Death's Gambit: Afterlife
Deathloop,True,Deathloop,16.38,24.48,35.95,23.08,77.0,"PC, PlayStation 5, Xbox Series X/S",2021.0,1.0,1.0,Deathloop
Deceive Inc.,True,Deceive Inc.,10.05,0.0,70.37,35.5,61.0,"PC, PlayStation 5, Xbox Series X/S",2023.0,1.0,1.0,Deceive Inc.
Defense Grid: The Awakening,True,Defense Grid: The Awakening,11.31,29.05,103.72,21.84,76.0,"PC, Xbox 360, Xbox One",2008.0,1.0,1.0,Defense Grid: The Awakening
Definitely Not Fried Chicken,True,Definitely Not Fried Chicken,0.0,0.0,24.92,24.92,65.0,PC,2023.0,1.0,1.0,Definitely Not Fried Chicken
Deliver At All Cost,False,,,,,,,,,,,
Deliver Us Mars,True,Deliver Us Mars,8.18,9.24,11.04,9.07,70.0,"PC, PlayStation 4, PlayStation 5, Xbox One, Xbox Series X/S",2023.0,1.0,1.0,Deliver Us Mars
Deponia: The Complete Journey,True,Deponia: The Complete Journey,26.3,33.25,35.31,30.96,76.0,PC,2014.0,1.0,1.0,Deponia: The Complete Journey
Destiny 2: Beyond Light,False,,,,,,,,,,,
Destiny 2: Bungie 30th Anniversary Pack,False,,,,,,,,,,,
Destiny 2: Legacy Collection,False,,,,,,,,,,,
Destiny 2: Shadowkeep,False,,,,,,,,,,,
Deus Ex: Mankind Divided,True,Deus Ex: Mankind Divided,15.95,31.01,52.87,30.07,78.0,"Linux, Mac, PC, PlayStation 4, Xbox One",2016.0,1.0,1.0,Deus Ex: Mankind Divided
Disco Elysium: The Final Cut,True,Disco Elysium,23.73,33.13,48.08,32.03,89.0,"Google Stadia, Mac, Nintendo Switch, PC, PlayStation 4, PlayStation 5, Xbox One, Xbox Series X/S",2019.0,1.0,0.96,Disco Elysium: The Final Cut
Dishonored - Definitive Edition,True,Dishonored: Definitive Edition,12.15,22.03,46.74,19.77,84.0,"PC, PlayStation 3, PlayStation 4, Xbox 360, Xbox One",2013.0,0.5,1.0,Dishonored
Dishonored: Death of the Outsider,True,Dishonored: Death of the Outsider,6.56,11.6,17.97,10.63,76.0,"PC, PlayStation 4, Xbox One",2017.0,1.0,1.0,Dishonored: Death of the Outsider
Disney Speedstorm - Monochromatic Pack - Racer Ariel,False,,,,,,,,,,,
Divine Knockout (DKO),False,,,,,,,,,,,
Dodo Peak,True,Dodo Peak,2.48,3.14,3.8,3.08,43.0,"Mobile, PC",2019.0,1.0,1.0,Dodo Peak
Doki Doki Literature Club Plus!,True,Doki Doki Literature Club Plus!,4.61,8.14,14.67,8.07,81.0,"Nintendo Switch, PC, PlayStation 4, PlayStation 5, Xbox One, Xbox Series X/S",2021.0,1.0,1.0,Doki Doki Literature Club Plus!
Doodle Devil: Dark Side,False,,,,,,,,,,,
Doodle Farm: Breeds and Beasts,False,,,,,,,,,,,
Doodle God: Infinite Alchemy Merge,False,,,,,,,,,,,
Doodle Kingdom: Medieval,False,,,,,,,,,,,
Doodle Mafia: Epic Alchemy,False,,,,,,,,,,,
Doors: Paradox,True,Doors: Paradox,5.41,5.77,6.51,6.31,70.0,"Mobile, PC, PlayStation 4, PlayStation 5",2022.0,1.0,1.0,Doors: Paradox
Double Dragon Trilogy,True,Double Dragon Trilogy,1.98,2.15,7.45,2.88,53.0,PC,2015.0,1.0,1.0,Double Dragon Trilogy
Dragon Age: Inquisition - Game of the Year Edition,True,Dragon Age: Inquisition - Game of the Year Edition,51.19,93.11,144.71,97.06,78.0,"PC, PlayStation 4, Xbox One",2015.0,1.0,1.0,Dragon Age: Inquisition - Game of the Year Edition
Dragon Age: The Veilguard - Rook’s Weapons Appearance,False,,,,,,,,,,,
Drawful 2,True,Drawful 2,1.9,6.49,6.56,5.03,72.0,"Nintendo Switch, PC, PlayStation 4, Xbox One",2016.0,1.0,1.0,Drawful 2
Dredge,True,Dredge,9.69,12.78,20.43,13.74,81.0,"Mobile, Nintendo Switch, PC, PlayStation 4, PlayStation 5, Xbox One, Xbox Series X/S",2023.0,1.0,1.0,Dredge
Dumb Ways to Die,True,Dumb Ways to Die,0.96,0.0,8.78,4.87,59.0,Mobile,2013.0,1.0,1.0,Dumb Ways to Die
Dumb Ways to Die 2: The Games,True,Dumb Ways to Die 2: The Games,8.72,0.0,0.0,8.72,57.0,Mobile,2014.0,1.0,1.0,Dumb Ways to Die 2: The Games
Dumb Ways to Draw,True,Dumb Ways to Draw,0.0,0.0,0.0,0.0,0.0,Mobile,2019.0,1.0,1.0,Dumb Ways to Draw
Dungeon of the Endless: Apogee,False,,,,,,,,,,,
Dungeons 3,True,Dungeons 3,26.09,35.37,63.39,32.62,72.0,"PC, PlayStation 4, Xbox One",2017.0,1.0,1.0,Dungeons 3
Duskers,True,Duskers,8.99,18.41,0.0,14.7,67.0,PC,2015.0,1.0,1.0,Duskers
Dying Light - 10th Anniversary Bundle,False,,,,,,,,,,,
Dying Light - Shu Warrior Bundle,False,,,,,,,,,,,
Dying Light: Enhanced Edition,True,Dying Light,18.12,36.4,64.25,31.5,79.0,"Linux, Mac, PC, PlayStation 4, Xbox One",2015.0,1.0,0.99,Dying Light
EARTHLOCK,True,Earthlock,22.1,29.69,32.66,29.34,64.0,"Linux, Mac, Nintendo Switch, PC, PlayStation 4, Xbox One",2016.0,1.0,1.0,EARTHLOCK
Eastern Exorcist,True,Eastern Exorcist,5.01,8.71,15.64,7.88,67.0,"Mobile, Nintendo Switch, PC, PlayStation 4, Xbox One, Xbox Series X/S",2020.0,1.0,1.0,Eastern Exorcist
Echo Starter Pack,False,,,,,,,,,,,
Electrician Simulator,True,Electrician Simulator,7.26,9.25,9.93,8.78,64.0,"Nintendo Switch, PC, PlayStation 4, PlayStation 5, Xbox One, Xbox Series X/S",2022.0,1.0,1.0,Electrician Simulator
Elite Dangerous,True,Elite: Dangerous,113.63,270.33,676.78,265.36,74.0,"PC, PlayStation 4, Xbox One",2014.0,0.967741935483871,1.0,Elite Dangerous
Empyrion - Galactic Survival,False,,,,,,,,,,,
Encased: A Sci-Fi Post-Apocalyptic RPG,True,Encased: A Sci-Fi Post-Apocalyptic RPG,28.01,38.52,70.71,40.68,67.0,"Linux, PC",2021.0,1.0,1.0,Encased: A Sci-Fi Post-Apocalyptic RPG
Enter the Gungeon,True,Enter the Gungeon,22.46,62.04,160.69,69.63,80.0,"Google Stadia, Nintendo Switch, PC, PlayStation 4, Xbox One",2016.0,1.0,1.0,Enter the Gungeon
Epistory - Typing Chronicles,False,,,,,,,,,,,
Escape Academy,True,Escape Academy,5.01,5.63,5.88,5.24,74.0,"Nintendo Switch, PC, PlayStation 4, PlayStation 5, Xbox One, Xbox Series X/S",2022.0,1.0,1.0,Escape Academy
Eternal Threads,True,Eternal Threads,7.26,8.29,9.43,8.45,69.0,"Nintendo Switch, PC, PlayStation 4, PlayStation 5, Xbox One, Xbox Series X/S",2022.0,1.0,1.0,Eternal Threads
Eternights,True,Eternights,11.5,13.12,17.26,12.84,71.0,"Nintendo Switch, PC, PlayStation 4, PlayStation 5",2023.0,1.0,1.0,Eternights
Europa Universalis IV,True,Europa Universalis IV,95.5,356.96,1626.03,374.27,84.0,PC,2013.0,1.0,1.0,Europa Universalis IV
Everything,True,Everything,2.97,5.66,18.53,4.57,68.0,"Linux, Mac, Nintendo Switch, PC, PlayStation 4",2017.0,1.0,1.0,Everything
Evil Dead: The Game,True,Evil Dead: The Game,3.09,25.79,191.5,23.11,54.0,"PC, PlayStation 4, PlayStation 5, Xbox One, Xbox Series X/S",2022.0,1.0,1.0,Evil Dead: The Game
Evoland 2,True,Evoland 2,17.13,20.45,28.19,22.86,74.0,"Mobile, PC, Nintendo Switch, PlayStation 4",2015.0,1.0,1.0,Evoland 2
Evoland Legendary Edition,True,Evoland: Legendary Edition,20.87,25.41,31.84,27.02,70.0,"Nintendo Switch, PC, PlayStation 4, Xbox One",2019.0,0.9803921568627452,1.0,Evoland Legendary Edition
Eximius: Seize the Frontline,True,Eximius: Seize the Frontline,13.62,0.0,0.0,13.62,53.0,PC,2018.0,1.0,1.0,Eximius: Seize the Frontline
F.I.S.T.: Forged In Shadow Torch,True,F.I.S.T.: Forged In Shadow Torch,12.47,16.67,20.27,16.74,75.0,"Nintendo Switch, PC, PlayStation 4, PlayStation 5, Xbox Series X/S",2021.0,1.0,1.0,F.I.S.T.: Forged In Shadow Torch
F1® Manager 2024,False,,,,,,,,,,,
FEZ,True,Fez,5.97,8.28,11.67,8.61,80.0,"Mac, Mobile, Nintendo Switch, PC, PlayStation 3, PlayStation 4, PlayStation Vita, Xbox 360",2012.0,1.0,1.0,FEZ
FTL: Faster Than Light,True,FTL: Faster Than Light,12.09,31.6,112.86,25.67,81.0,"Linux, Mac, Mobile, PC",2012.0,1.0,1.0,FTL: Faster Than Light
Faeria,True,Faeria,11.76,41.68,122.53,21.96,68.0,"Nintendo Switch, PC, PlayStation 4, Xbox One",2016.0,1.0,1.0,Faeria
Faily Brakes 2,True,Faily Brakes 2,0.0,0.0,0.0,0.0,0.0,Mobile,2020.0,1.0,1.0,Faily Brakes 2
Fall Guys - Digi Costume,False,,,,,,,,,,,
Fallout 2: A Post Nuclear Role Playing Game,False,,,,,,,,,,,
Fallout 3: Game of the Year Edition,True,Fallout 3: Game of the Year Edition,26.38,58.06,106.34,57.94,81.0,"Amazon Luna, PC, PlayStation 3, Xbox 360",2009.0,1.0,1.0,Fallout 3: Game of the Year Edition
Fallout Tactics: Brotherhood of Steel,True,Fallout Tactics: Brotherhood of Steel,25.57,45.64,49.23,40.86,63.0,PC,2001.0,1.0,1.0,Fallout Tactics: Brotherhood of Steel
Fallout: New Vegas - Ultimate Edition,True,Fallout: New Vegas - Ultimate Edition,32.67,77.29,144.28,82.69,90.0,"PC, PlayStation 3, Xbox 360",2012.0,1.0,1.0,Fallout: New Vegas - Ultimate Edition
Fallout® Classic Collection,False,,,,,,,,,,,
Farming Simulator 19,True,Farming Simulator 19,113.38,234.54,253.97,207.46,69.0,"Google Stadia, PC, PlayStation 4, Xbox One",2018.0,1.0,1.0,Farming Simulator 19
Farming Simulator 22,True,Farming Simulator 22,163.25,216.44,269.28,235.09,75.0,"Google Stadia, Mac, PC, PlayStation 4, PlayStation 5, Xbox One, Xbox Series X/S",2021.0,1.0,1.0,Farming Simulator 22
Fear the Spotlight,True,Fear The Spotlight,3.6,4.57,6.22,4.56,76.0,"Linux, Mac, Nintendo Switch, PC, PlayStation 4, PlayStation 5, Xbox One, Xbox Series X/S",2024.0,1.0,1.0,Fear the Spotlight
Felix The Reaper,True,Felix The Reaper,4.89,7.48,10.64,6.03,58.0,"Mobile, Nintendo Switch, PC, PlayStation 4, Xbox One",2019.0,1.0,1.0,Felix The Reaper
Figment,False,,,,,,,,,,,
Figment 2: Creed Valley,True,Figment 2: Creed Valley,4.07,4.45,6.14,4.67,78.0,"Google Stadia, Nintendo Switch, PC, PlayStation 4, PlayStation 5, Xbox One, Xbox Series X/S",2023.0,1.0,1.0,Figment 2: Creed Valley
Filament,True,Filament,18.33,25.11,26.87,24.07,66.0,"Linux, PC",2020.0,1.0,1.0,Filament
Firestone Free Offer,False,,,,,,,,,,,
Firestone Online Idle RPG - Special Offer,False,,,,,,,,,,,
First Class Trouble,True,First Class Trouble,0.64,0.0,25.01,13.64,62.0,"Nintendo Switch, PC, PlayStation 4, PlayStation 5",2021.0,1.0,1.0,First Class Trouble
Five Nights at Freddy's: Into the Pit,True,Five Nights at Freddy's: Into the Pit,4.16,5.55,16.56,5.2,75.0,"Nintendo Switch, PC, PlayStation 4, PlayStation 5, Xbox One, Xbox Series X/S",2024.0,1.0,1.0,Five Nights at Freddy's: Into the Pit
Floppy Knights,True,Floppy Knights,9.68,18.42,23.69,17.76,67.0,"Mac, Nintendo Switch, PC, Xbox One",2022.0,1.0,1.0,Floppy Knights
Football Manager 2020,True,Football Manager 2020,281.75,299.93,518.84,318.42,78.0,"Mobile, PC",2019.0,1.0,1.0,Football Manager 2020
Football Manager 2024,True,Football Manager 2024,138.52,224.0,415.58,193.86,82.0,"Mac, Mobile, Nintendo Switch, PC, PlayStation 5, Xbox One, Xbox Series X/S",2023.0,1.0,1.0,Football Manager 2024
For Honor - Standard Edition,False,,,,,,,,,,,
For The King,True,For The King,11.86,34.69,75.14,23.95,72.0,"Nintendo Switch, PC, PlayStation 4, Xbox One",2017.0,1.0,1.0,For The King
Fort Triumph,True,Fort Triumph,8.8,11.86,17.43,11.39,61.0,"Nintendo Switch, PC, PlayStation 4, Xbox One",2018.0,1.0,1.0,Fort Triumph
Fortnite -- Frosted Skyline Pack,False,,,,,,,,,,,
Freshly Frosted,True,Freshly Frosted,6.13,7.51,7.67,7.31,74.0,"Nintendo Switch, PC, PlayStation 4, Xbox One",2022.0,1.0,1.0,Freshly Frosted
Frostpunk,True,Frostpunk,10.65,25.05,55.91,16.18,81.0,"Nintendo Switch, PC, PlayStation 4, Xbox One",2018.0,1.0,1.0,Frostpunk
GNOG,True,GNOG,1.86,1.99,2.06,1.97,71.0,"PC, PlayStation 4",2017.0,1.0,1.0,GNOG
GRIME,True,Grime,12.4,18.56,29.82,18.85,76.0,"Google Stadia, Nintendo Switch, PC, PlayStation 4, PlayStation 5, Xbox One, Xbox Series X/S",2021.0,1.0,1.0,GRIME
Galactic Civilizations III,True,Galactic Civilizations III,27.21,37.12,54.94,32.74,64.0,PC,2015.0,1.0,1.0,Galactic Civilizations III
Gamedec - Definitive Edition,True,Gamedec,10.47,15.02,19.77,13.01,69.0,"Nintendo Switch, PC",2021.0,1.0,0.99,Gamedec
Garden Story,True,Garden Story,10.74,14.39,19.55,15.61,71.0,"Nintendo Switch, PC, Xbox One",2021.0,1.0,1.0,Garden Story
Geneforge 1 - Mutagen,True,Geneforge: 1-Mutagen,37.0,39.72,0.0,39.06,72.0,PC,2021.0,1.0,1.0,Geneforge 1 - Mutagen
Ghostbusters: The Video Game Remastered,True,Ghostbusters: The Video Game - Remastered,7.54,8.64,12.62,8.4,71.0,"Nintendo Switch, PC, PlayStation 4, Xbox One",2019.0,0.975,1.0,Ghostbusters: The Video Game Remastered
Ghostrunner,True,Ghostrunner,7.09,9.25,14.32,8.39,76.0,"Amazon Luna, Nintendo Switch, PC, PlayStation 4, PlayStation 5, Xbox One, Xbox Series X/S",2020.0,1.0,1.0,Ghostrunner
Ghostrunner 2,True,Ghostrunner II,8.4,11.16,17.04,10.48,76.0,"PC, PlayStation 5, Xbox Series X/S",2023.0,1.0,0.9,Ghostrunner 2
Ghostwire: Tokyo,True,Ghostwire: Tokyo,11.35,22.82,42.12,21.9,73.0,"PC, PlayStation 5, Xbox Series X/S",2022.0,1.0,1.0,Ghostwire: Tokyo
Gigabash,True,Gigabash,2.63,4.46,7.17,3.0,69.0,"Nintendo Switch, PC, PlayStation 4, PlayStation 5, Xbox One, Xbox Series X/S",2022.0,1.0,1.0,Gigabash
Gigantic: Rampage Edition,True,Gigantic,23.2,0.0,0.0,23.2,52.0,"PC, PlayStation 4, PlayStation 5, Xbox One, Xbox Series X/S",2024.0,1.0,0.96,Gigantic: Rampage Edition
Gigapocalypse,True,Gigapocalypse,3.14,4.0,35.0,4.94,61.0,"Mobile, Nintendo Switch, PC, PlayStation 4, Xbox One",2021.0,1.0,1.0,Gigapocalypse
Gloomhaven,True,Gloomhaven,96.0,142.21,181.15,129.62,74.0,"Nintendo Switch, PC, PlayStation 4, PlayStation 5, Xbox One, Xbox Series X/S",2021.0,1.0,1.0,Gloomhaven
GoNNER,True,GoNNER,7.54,8.9,9.68,8.94,54.0,"Nintendo Switch, PC, Xbox One",2016.0,1.0,1.0,GoNNER
God's Trigger,True,God's Trigger,5.19,7.19,9.9,5.84,63.0,"PC, PlayStation 4",2019.0,1.0,1.0,God's Trigger
Godfall: Challenger Edition,True,Godfall: Challenger Edition,2.89,0.0,0.0,2.89,71.0,"PC, PlayStation 4, PlayStation 5",2021.0,1.0,1.0,Godfall: Challenger Edition
Godlike Burger,True,Godlike Burger,29.82,0.0,38.07,31.15,48.0,"Linux, Mac, PC",2022.0,1.0,1.0,Godlike Burger
Gods Will Fall,True,Gods Will Fall,4.87,6.84,9.97,5.18,52.0,"Nintendo Switch, PC, PlayStation 4, Xbox One",2021.0,1.0,1.0,Gods Will Fall
Godzilla Voxel Wars,True,Godzilla Voxel Wars,18.73,0.0,0.0,18.73,48.0,"Mac, Nintendo Switch, PC",2023.0,1.0,1.0,Godzilla Voxel Wars
Golden Light,True,Golden Light,8.24,0.0,68.81,19.54,60.0,PC,2020.0,1.0,1.0,Golden Light
Gone Home,True,Gone Home,1.99,2.54,3.1,2.2,71.0,"Linux, Mac, Mobile, Nintendo Switch, PC, PlayStation 3, PlayStation 4, Xbox 360, Xbox One",2013.0,1.0,1.0,Gone Home
Grand Theft Auto V,True,Grand Theft Auto V,32.04,51.5,88.43,45.38,87.0,"PC, PlayStation 3, PlayStation 4, PlayStation 5, Xbox 360, Xbox One, Xbox Series X/S",2013.0,1.0,1.0,Grand Theft Auto V
Gravity Circuit,True,Gravity Circuit,4.89,6.17,13.52,6.19,81.0,"Linux, Mac, Nintendo Switch, PC, PlayStation 4, PlayStation 5",2023.0,1.0,1.0,Gravity Circuit
Guacamelee! 2,True,Guacamelee! 2,8.77,11.39,15.67,11.48,80.0,"PC, Nintendo Switch, PlayStation 4, Xbox One",2018.0,1.0,1.0,Guacamelee! 2
Guacamelee! Super Turbo Championship Edition,True,Guacamelee!: Super Turbo Championship Edition,7.02,9.99,15.77,9.21,78.0,"PC, Nintendo Switch, PlayStation 3, PlayStation 4, PlayStation Vita, Wii U, Xbox 360, Xbox One",2014.0,0.9887640449438202,1.0,Guacamelee! Super Turbo Championship Edition
Guild of Dungeoneering Ultimate Edition,True,Guild of Dungeoneering,11.58,18.06,27.21,16.37,60.0,"Mobile, PC",2015.0,1.0,0.99,Guild of Dungeoneering
HOT WHEELS UNLEASHED™,False,,,,,,,,,,,
HUMANKIND™,False,,,,,,,,,,,
Halcyon 6: Starbase Commander,True,Halcyon 6: Starbase Commander,14.98,23.45,35.0,18.6,70.0,PC,2016.0,1.0,1.0,Halcyon 6: Starbase Commander
Hand of Fate 2,True,Hand of Fate 2,22.2,43.13,106.75,41.77,72.0,"Nintendo Switch, PC, PlayStation 4",2017.0,1.0,1.0,Hand of Fate 2
Happy Game,True,Happy Game,2.06,2.24,2.45,2.19,66.0,"Mac, Mobile, Nintendo Switch, PC",2021.0,1.0,1.0,Happy Game
Havendock,True,Havendock,22.02,27.74,27.95,24.53,57.0,PC,2023.0,1.0,1.0,Havendock
Hell Let Loose,True,Hell Let Loose,35.92,1200.0,2610.0,520.75,70.0,"PC, PlayStation 5, Xbox Series X/S",2021.0,1.0,1.0,Hell Let Loose
Hell Let Loose - Summer Warfare Pack,False,,,,,,,,,,,
Hell is Other Demons,True,Hell is Other Demons,3.14,5.2,10.65,4.29,68.0,"Linux, Mac, Nintendo Switch, PC",2019.0,1.0,1.0,Hell is Other Demons
Hell is Others,True,Hell is Others,39.39,40.19,0.0,39.67,52.0,PC,2022.0,1.0,1.0,Hell is Others
Hello Neighbor,True,Hello Neighbor,8.18,14.06,16.3,11.41,51.0,"Mobile, Nintendo Switch, PC, PlayStation 4, Xbox One",2017.0,1.0,1.0,Hello Neighbor
Hidden Folks,True,Hidden Folks,3.68,4.98,7.48,6.52,70.0,"Mobile, PC, Nintendo Switch",2017.0,1.0,1.0,Hidden Folks
Hitman,True,Hitman,10.73,23.75,93.35,18.58,80.0,"Google Stadia, PC, PlayStation 4, Xbox One",2016.0,1.0,1.0,Hitman
Hob,True,Hob,10.31,11.39,16.94,11.61,75.0,"Nintendo Switch, PC, PlayStation 4",2017.0,1.0,1.0,Hob
Hogwarts Legacy,True,Hogwarts Legacy,26.69,45.24,72.01,47.72,78.0,"Nintendo Switch, Nintendo Switch 2, PC, PlayStation 4, PlayStation 5, Xbox One, Xbox Series X/S",2023.0,1.0,1.0,Hogwarts Legacy
Homeworld Remastered Collection,True,Homeworld: Remastered Collection,21.0,22.76,32.49,25.36,80.0,PC,2015.0,0.984126984126984,1.0,Homeworld Remastered Collection
Homeworld: Deserts of Kharak,True,Homeworld: Deserts of Kharak,10.31,11.9,18.06,11.18,75.0,PC,2016.0,1.0,1.0,Homeworld: Deserts of Kharak
Hood: Outlaws & Legends,True,Hood: Outlaws and Legends,1.62,26.52,0.0,5.66,55.0,"PC, PlayStation 4, PlayStation 5, Xbox One, Xbox Series X/S",2021.0,1.0,1.0,Hood: Outlaws & Legends
Horace,True,Horace,13.97,17.87,23.78,16.54,70.0,"Nintendo Switch, PC, PlayStation 4, Xbox One",2019.0,1.0,1.0,Horace
Horizon Chase Turbo,True,Horizon Chase Turbo,10.21,15.33,32.7,15.16,77.0,"Amazon Luna, Nintendo Switch, PC, PlayStation 4, PlayStation Vita, Xbox One",2018.0,1.0,1.0,Horizon Chase Turbo
Hue,True,HUE,4.66,5.6,6.76,5.56,72.0,"Nintendo Switch, PC, PlayStation 4, PlayStation Vita, Xbox One",2016.0,1.0,1.0,Hue
Human Resource Machine,True,Human Resource Machine,4.39,8.09,10.08,7.9,73.0,"Linux, Mac, Mobile, Nintendo Switch, PC, Wii U",2015.0,1.0,1.0,Human Resource Machine
Hundred Days: Winemaking Simulator,False,,,,,,,,,,,
Hyper Echelon,True,Hyper Echelon,9.83,9.92,0.0,9.89,57.0,"Mac, Nintendo Switch, PC, PlayStation 4",2021.0,1.0,1.0,Hyper Echelon
Hyper Light Drifter,True,Hyper Light Drifter,7.75,11.74,27.16,10.09,80.0,"Linux, Mac, Mobile, Nintendo Switch, PC, PlayStation 4, Xbox One",2016.0,1.0,1.0,Hyper Light Drifter
INDUSTRIA,True,Industria,3.08,3.67,5.65,3.48,63.0,"PC, PlayStation 5, Xbox One, Xbox Series X/S",2021.0,1.0,1.0,INDUSTRIA
INSIDE,True,Inside,3.56,4.04,4.69,4.01,82.0,"Mobile, Nintendo Switch, PC, PlayStation 4, Xbox One",2016.0,1.0,1.0,INSIDE
Idle Champions of the Forgotten Realms - Astarion's Champions of Renown Pack,False,,,,,,,,,,,
Idle Champions of the Forgotten Realms - Dragonlance Pack,False,,,,,,,,,,,
Idle Champions of the Forgotten Realms - Dungeon & Dragons Pack,False,,,,,,,,,,,
Idle Champions of the Forgotten Realms - Epic Champions of Renown Pack,False,,,,,,,,,,,
Idle Champions of the Forgotten Realms - Gladiators of the Black Pits Pack,False,,,,,,,,,,,
Idle Champions of the Forgotten Realms - Nixie's Champions of Renown Pack,False,,,,,,,,,,,
Idle Champions of the Forgotten Realms - Raistlin's Renown Pack,False,,,,,,,,,,,
Idle Champions of the Forgotten Realms - Wulfgar's Legends of Renown Pack,False,,,,,,,,,,,
In Sound Mind,True,In Sound Mind,10.22,13.48,15.58,13.32,79.0,"Nintendo Switch, PC, PlayStation 5, Xbox Series X/S",2021.0,1.0,1.0,In Sound Mind
Infinifactory,True,Infinifactory,37.91,52.41,63.88,49.25,77.0,"PC, PlayStation 4",2015.0,1.0,1.0,Infinifactory
Infinity Nikki MEGA Sale Bundle,False,,,,,,,,,,,
InnerSpace,True,InnerSpace,5.57,7.39,7.55,7.13,47.0,"Nintendo Switch, PC, PlayStation 4, Xbox One",2018.0,1.0,1.0,InnerSpace
Insurmountable,True,Insurmountable,7.03,9.58,13.32,8.85,63.0,"Nintendo Switch, PC, PlayStation 4, PlayStation 5, Xbox One, Xbox Series X/S",2021.0,1.0,1.0,Insurmountable
Into the Breach,True,Into the Breach,5.74,20.01,52.88,13.78,82.0,"Google Stadia, Linux, Mac, Mobile, Nintendo Switch, PC",2018.0,1.0,1.0,Into the Breach
Invincible Presents: Atom Eve,True,Invincible Presents: Atom Eve,4.5,5.8,9.29,5.49,69.0,PC,2023.0,1.0,1.0,Invincible Presents: Atom Eve
Iratus: Lord of the Dead,True,Iratus: Lord of the Dead,12.35,19.46,40.46,16.77,66.0,PC,2019.0,1.0,1.0,Iratus: Lord of the Dead
Ironcast,True,Ironcast,8.46,18.12,38.83,16.34,55.0,"Nintendo Switch, PC, PlayStation 4",2015.0,1.0,1.0,Ironcast
Islets,True,Islets,7.33,8.14,9.28,8.56,80.0,"Nintendo Switch, PC, PlayStation 4, PlayStation 5, Xbox One, Xbox Series X/S",2022.0,1.0,1.0,Islets
Isonzo,True,Isonzo,12.1,19.41,115.0,35.07,74.0,"Linux, Mac, PC, PlayStation 4, PlayStation 5, Xbox One, Xbox Series X/S",2022.0,1.0,1.0,Isonzo
Jackbox Party Pack 4,True,The Jackbox Party Pack 4,3.76,7.05,7.45,5.67,72.0,"Nintendo Switch, PC, PlayStation 4, Xbox One",2017.0,0.9090909090909092,0.94,Jackbox Party Pack 4
Jitsu Squad,True,Jitsu Squad,2.57,2.98,5.1,2.74,67.0,"Nintendo Switch, PC, PlayStation 4, PlayStation 5, Xbox One, Xbox Series X/S",2022.0,1.0,1.0,Jitsu Squad
Jorel’s Brother and The Most Important Game of the Galaxy,False,,,,,,,,,,,
Jotun: Valhalla Edition,True,Jotun,5.16,5.67,7.36,5.57,67.0,"Google Stadia, Linux, Mac, Nintendo Switch, PC, PlayStation 4, Wii U, Xbox One",2015.0,1.0,0.96,Jotun: Valhalla Edition
Jotunnslayer: Hordes of Hel,True,Jotunnslayer: Hordes of Hel,6.18,10.63,21.8,8.94,70.0,"PC, PlayStation 5, Xbox Series X/S",2025.0,1.0,1.0,Jotunnslayer: Hordes of Hel
Jurassic World Evolution,True,Jurassic World Evolution,25.43,41.6,69.85,40.18,74.0,"Nintendo Switch, PC, PlayStation 4, Xbox One",2018.0,1.0,1.0,Jurassic World Evolution
Jurassic World Evolution 2,True,Jurassic World Evolution 2,5.93,36.18,104.57,19.73,73.0,"PC, PlayStation 4, PlayStation 5, Xbox One, Xbox Series X/S",2021.0,1.0,1.0,Jurassic World Evolution 2
Just Cause 4,True,Just Cause 4,16.11,28.0,54.49,25.09,63.0,"PC, PlayStation 4, Xbox One",2018.0,1.0,1.0,Just Cause 4
Just Die Already,True,Just Die Already,3.61,7.49,12.43,6.74,51.0,"Nintendo Switch, PC, PlayStation 4, Xbox One",2021.0,1.0,1.0,Just Die Already
KID A MNESIA EXHIBITION,True,KID A MNESIA EXHIBITION,0.91,1.4,1.53,1.06,73.0,"PC, PlayStation 5",2021.0,1.0,1.0,KID A MNESIA EXHIBITION
Kamaeru,True,Kamaeru: A Frog Refuge,4.89,8.58,14.09,8.22,62.0,"Linux, Mac, Nintendo Switch, PC, Xbox Series X/S",2024.0,0.4827586206896552,0.95,Kamaeru
Kao the Kangaroo,True,Kao the Kangaroo,5.6,7.73,11.37,7.8,63.0,"Nintendo Switch, PC, PlayStation 4, PlayStation 5, Xbox One, Xbox Series X/S",2022.0,1.0,1.0,Kao the Kangaroo
Kardboard Kings,True,Kardboard Kings: Card Shop Simulator,3.18,11.6,25.44,5.96,64.0,"Nintendo Switch, PC",2022.0,0.5882352941176471,0.95,Kardboard Kings
Ken Follett's The Pillars of the Earth,True,Ken Follett's The Pillars of the Earth,14.47,16.24,19.18,16.37,76.0,"Nintendo Switch, PC, PlayStation 4, Xbox One",2017.0,1.0,1.0,Ken Follett's The Pillars of the Earth
Kerbal Space Program,True,Kerbal Space Program,113.03,233.5,601.66,244.84,80.0,"Linux, Mac, PC, PlayStation 4, PlayStation 5, Xbox One, Xbox Series X/S",2015.0,1.0,1.0,Kerbal Space Program
Keylocker | Turn Based Cyberpunk Action,True,Keylocker,20.0,25.47,0.0,23.39,75.0,"Nintendo Switch, PC, PlayStation 4, PlayStation 5, Xbox Series X/S",2024.0,1.0,0.9,Keylocker | Turn Based Cyberpunk Action
Kill Knight,True,Kill Knight,6.0,14.3,38.14,11.79,78.0,"Nintendo Switch, PC, PlayStation 4, PlayStation 5, Xbox One, Xbox Series X/S",2024.0,1.0,1.0,Kill Knight
Killing Floor 2,True,Killing Floor 2,16.32,92.17,127.88,67.39,71.0,"PC, PlayStation 4, Xbox One",2016.0,1.0,1.0,Killing Floor 2
Kingdom Come: Deliverance,True,Kingdom Come: Deliverance,42.6,80.29,136.34,79.27,81.0,"Nintendo Switch, PC, PlayStation 4, Xbox One",2018.0,1.0,1.0,Kingdom Come: Deliverance
Kingdom: New Lands,True,Kingdom: New Lands,10.7,26.95,36.67,22.2,71.0,"Mobile, Nintendo Switch, PC, PlayStation 4, Xbox One",2016.0,1.0,1.0,Kingdom: New Lands
Knockout City,True,Knockout City,20.44,79.22,65.25,62.4,71.0,"Nintendo Switch, PC, PlayStation 4, PlayStation 5, Xbox One, Xbox Series X/S",2021.0,1.0,1.0,Knockout City
LEGO Batman 2: DC Super Heroes,True,LEGO Batman 2: DC Super Heroes,8.97,15.49,24.1,15.93,74.0,"Mobile, Nintendo 3DS, Nintendo DS, PC, PlayStation 3, PlayStation Vita, Wii, Wii U, Xbox 360, Xbox One",2012.0,1.0,1.0,LEGO Batman 2: DC Super Heroes
LEGO Batman 3: Beyond Gotham,True,LEGO Batman 3: Beyond Gotham,10.2,19.38,36.28,24.87,71.0,"Mobile, Nintendo 3DS, PC, PlayStation 3, PlayStation 4, PlayStation Vita, Wii U, Xbox 360, Xbox One",2014.0,1.0,1.0,LEGO Batman 3: Beyond Gotham
LEGO Builder's Journey,True,LEGO Builder's Journey,2.39,2.53,2.58,2.49,68.0,"Mobile, Nintendo Switch, PC, PlayStation 4, PlayStation 5, Xbox One, Xbox Series X/S",2021.0,1.0,1.0,LEGO Builder's Journey
LEGO® Star Wars™: The Skywalker Saga,False,,,,,,,,,,,
LIMBO,True,Limbo,3.58,4.18,6.74,3.99,76.0,"Linux, Mac, Mobile, Nintendo Switch, PC, PlayStation 3, PlayStation 4, PlayStation Vita, Xbox 360, Xbox One",2010.0,1.0,1.0,LIMBO
LISA: Definitive Edition,True,LISA: Definitive Edition,13.2,15.09,19.04,14.87,78.0,"Nintendo Switch, PC, PlayStation 4, PlayStation 5, Xbox One, Xbox Series X/S",2023.0,1.0,1.0,LISA: Definitive Edition
LISA: The Painful - Definitive Edition,True,LISA: The Painful,10.87,15.09,25.28,14.0,83.0,"Linux, Mac, Nintendo Switch, PC, PlayStation 4, PlayStation 5, Xbox One, Xbox Series X/S",2014.0,1.0,0.99,LISA: The Painful - Definitive Edition
LOVE,True,LOVE,0.58,1.46,7.25,1.1,66.0,"Mobile, Nintendo Switch, PC",2014.0,1.0,1.0,LOVE
"LOVE Classic (classic version, 2008 recoded in 2020)",False,,,,,,,,,,,
Last Day of June,True,Last Day of June,3.11,3.54,4.03,3.53,73.0,"Nintendo Switch, PC, PlayStation 4",2017.0,1.0,1.0,Last Day of June
Lawn Mowing Simulator,True,Lawn Mowing Simulator,16.41,31.3,70.18,39.51,58.0,"Nintendo Switch, PC, PlayStation 4, PlayStation 5, Xbox One, Xbox Series X/S",2021.0,1.0,1.0,Lawn Mowing Simulator
Layers of Fear 2,True,Layers of Fear 2,5.01,6.08,10.67,5.7,64.0,"Nintendo Switch, Nintendo Switch 2, PC, PlayStation 4, Xbox One",2019.0,1.0,1.0,Layers of Fear 2
Layers of Fear: Masterpiece Edition,True,Layers of Fear,3.43,4.66,11.46,4.26,69.0,"Linux, Mac, Nintendo Switch, PC, PlayStation 4, Xbox One",2016.0,0.7446808510638298,0.99,Layers of Fear: Masterpiece Edition
Legion TD 2,True,Legion TD 2,3.88,6.01,0.0,4.56,66.0,PC,2017.0,1.0,1.0,Legion TD 2
Lego Batman Trilogy,False,,,,,,,,,,,
Lifeless Planet: Premier Edition,False,,,,,,,,,,,
Little Inferno,True,Little Inferno,3.37,4.17,4.82,4.09,72.0,"Mobile, Nintendo Switch, PC, Wii U",2012.0,1.0,1.0,Little Inferno
Little Nightmares,True,Little Nightmares,3.57,5.16,9.04,4.3,78.0,"Google Stadia, Mobile, Nintendo Switch, Nintendo Switch 2, PC, PlayStation 4, PlayStation 5, Xbox One, Xbox Series X/S",2017.0,1.0,1.0,Little Nightmares
Loop Hero,True,Loop Hero,28.56,37.13,54.99,37.09,75.0,"Mobile, Nintendo Switch, PC, Xbox One, Xbox Series X/S",2021.0,1.0,1.0,Loop Hero
Lost Castle,True,Lost Castle,12.19,28.02,68.58,23.15,63.0,"Nintendo Switch, PC, PlayStation 4",2016.0,1.0,1.0,Lost Castle
LumbearJack,True,LumbearJack,1.55,1.81,2.04,1.87,69.0,"Nintendo Switch, PC, Xbox One, Xbox Series X/S",2022.0,1.0,1.0,LumbearJack
MORDHAU,True,MORDHAU,15.79,71.88,175.86,129.7,70.0,"PC, PlayStation 4, PlayStation 5, Xbox One, Xbox Series X/S",2019.0,1.0,1.0,MORDHAU
MOTHERGUNSHIP,True,Mothergunship,4.31,10.62,16.21,8.24,62.0,"PC, PlayStation 4, Xbox One",2018.0,1.0,1.0,MOTHERGUNSHIP
MR RACER: Premium,False,,,,,,,,,,,
Machinarium,True,Machinarium,5.11,5.34,5.99,5.3,77.0,"Mobile, Nintendo Switch, PC, PlayStation 3, PlayStation 4, PlayStation Vita, Xbox One",2009.0,1.0,1.0,Machinarium
Mages of Mystralia,True,Mages of Mystralia,8.74,11.33,14.24,11.77,67.0,"PC, PlayStation 4",2017.0,1.0,1.0,Mages of Mystralia
Maid of Sker,True,Maid of Sker,4.43,5.19,6.41,4.87,64.0,"Nintendo Switch, PC, PlayStation 4, Xbox One",2020.0,1.0,1.0,Maid of Sker
Make Way,True,Make Way,1.93,8.1,0.0,4.87,70.0,"Nintendo Switch, PC, PlayStation 4, PlayStation 5, Xbox One, Xbox Series X/S",2023.0,1.0,1.0,Make Way
Maneater,True,Maneater,8.13,10.24,12.93,11.33,71.0,"Nintendo Switch, PC, PlayStation 4, PlayStation 5, Xbox One, Xbox Series X/S",2020.0,1.0,1.0,Maneater
Marvel's Guardians of the Galaxy,True,Marvel's Guardians of the Galaxy,17.6,20.39,25.99,19.94,82.0,"Nintendo Switch, PC, PlayStation 4, PlayStation 5, Xbox One, Xbox Series X/S",2021.0,1.0,1.0,Marvel's Guardians of the Galaxy
Marvel’s Midnight Suns,False,,,,,,,,,,,
Melvor Idle,True,Melvor Idle,1131.92,1403.06,1857.27,1603.35,75.0,"Mobile, PC",2020.0,1.0,1.0,Melvor Idle
Metro 2033 Redux,True,Metro 2033 Redux,9.05,11.54,23.66,10.64,77.0,"Google Stadia, Linux, Mac, Nintendo Switch, PC, PlayStation 4, Xbox One",2014.0,1.0,1.0,Metro 2033 Redux
Metro: Last Light Redux,True,Metro: Last Light Redux,9.78,13.51,27.7,11.97,80.0,"Google Stadia, Linux, Mac, Nintendo Switch, PC, PlayStation 4, Xbox One",2014.0,1.0,1.0,Metro: Last Light Redux
Midnight Ghost Hunt,True,Midnight Ghost Hunt,2.19,15.0,500.0,45.79,64.0,PC,2022.0,1.0,1.0,Midnight Ghost Hunt
Mighty Fight Federation,True,Mighty Fight Federation,1.43,0.0,0.0,1.43,49.0,"Nintendo Switch, PC, PlayStation 4, PlayStation 5, Xbox One",2021.0,1.0,1.0,Mighty Fight Federation
Minit,True,Minit,1.67,2.21,3.95,2.21,73.0,"Mobile, Nintendo Switch, PC, PlayStation 4, Xbox One",2018.0,1.0,1.0,Minit
Model Builder,True,Model Builder,17.57,17.78,29.72,24.22,64.0,PC,2022.0,1.0,1.0,Model Builder
Monument Valley,True,Monument Valley,1.46,2.34,2.73,2.12,80.0,"Mobile, Nintendo Switch, PC, PlayStation 4, PlayStation 5, Xbox One, Xbox Series X/S",2014.0,1.0,1.0,Monument Valley
Monument Valley 2,True,Monument Valley 2,1.55,1.68,1.73,1.67,80.0,"Mobile, Nintendo Switch, PC, PlayStation 4, PlayStation 5, Xbox One, Xbox Series X/S",2017.0,1.0,1.0,Monument Valley 2
Moonlighter,True,Moonlighter,14.07,20.58,29.7,17.21,73.0,"Google Stadia, Mobile, Nintendo Switch, PC, PlayStation 4, Xbox One",2018.0,1.0,1.0,Moonlighter
Mortal Shell,True,Mortal Shell,10.62,14.17,22.98,13.18,67.0,"Nintendo Switch, PC, PlayStation 4, PlayStation 5, Xbox One, Xbox Series X/S",2020.0,1.0,1.0,Mortal Shell
Moving Out,True,Moving Out,5.22,10.02,18.45,8.03,71.0,"Nintendo Switch, PC, PlayStation 4, Xbox One",2020.0,1.0,1.0,Moving Out
MudRunner,True,MudRunner,17.46,23.78,44.9,26.93,69.0,"Mobile, Nintendo Switch, PC, PlayStation 4, Xbox One",2017.0,1.0,1.0,MudRunner
Murder by Numbers,True,Murder by Numbers,20.34,27.91,32.45,27.95,73.0,"Google Stadia, Nintendo Switch, PC",2020.0,1.0,1.0,Murder by Numbers
Mutant Year Zero: Road to Eden,True,Mutant Year Zero: Road to Eden,13.03,18.43,23.54,18.25,75.0,"Nintendo Switch, PC, PlayStation 4, Xbox One",2018.0,1.0,1.0,Mutant Year Zero: Road to Eden
Mutazione,True,Mutazione,6.15,8.34,10.83,8.09,77.0,"Mobile, Nintendo Switch, PC, PlayStation 4, Xbox One",2019.0,1.0,1.0,Mutazione
My Night Job,True,My Night Job,0.0,0.0,0.0,0.0,17.0,PC,2016.0,1.0,1.0,My Night Job
My Time At Portia,True,My Time At Portia,69.13,110.07,141.33,106.84,71.0,"Mobile, Nintendo Switch, PC, PlayStation 4, Xbox One",2018.0,1.0,1.0,My Time At Portia
NBA 2K21,True,NBA 2K21,22.67,65.59,112.14,39.0,65.0,"Nintendo Switch, PC, PlayStation 4, PlayStation 5, Xbox One, Xbox Series X/S",2020.0,1.0,1.0,NBA 2K21
"Neko Ghost, Jump",True,"Neko Ghost, Jump!",0.0,0.0,0.0,0.0,31.0,"Linux, PC",2022.0,0.9696969696969696,1.0,"Neko Ghost, Jump"
Neon Abyss,True,Neon Abyss,11.23,33.63,87.27,18.79,69.0,"Nintendo Switch, PC, PlayStation 4, Xbox One",2020.0,1.0,1.0,Neon Abyss
Never Alone (Kisima Ingitchuna),False,,,,,,,,,,,
Neverwinter - Epic Starter Pack,False,,,,,,,,,,,
Next Up Hero,True,Next Up Hero,15.0,0.0,0.0,15.0,44.0,"PC, Xbox One",2018.0,1.0,1.0,Next Up Hero
Night in the Woods,True,Night in the Woods,8.9,12.25,24.5,11.15,78.0,"Linux, Mac, Mobile, Nintendo Switch, PC, PlayStation 4, PlayStation 5, Xbox One",2017.0,1.0,1.0,Night in the Woods
Nightingale,True,Nightingale,26.38,51.23,124.0,41.2,56.0,PC,2024.0,1.0,1.0,Nightingale
Nioh: The Complete Edition,False,,,,,,,,,,,
Nobody Wants to Die,True,Nobody Wants to Die,5.78,6.6,8.21,6.24,73.0,"PC, PlayStation 5, Xbox Series X/S",2024.0,1.0,1.0,Nobody Wants to Die
Nuclear Throne,True,Nuclear Throne,17.02,58.36,190.6,31.22,76.0,"Nintendo Switch, PC, PlayStation 3, PlayStation 4, PlayStation Vita, Xbox One",2015.0,1.0,1.0,Nuclear Throne
Obduction,True,Obduction,11.9,15.11,15.29,13.05,72.0,"Mac, PC, PlayStation 4, Xbox One",2016.0,1.0,1.0,Obduction
Oddworld: New 'n' Tasty,True,Oddworld: New 'n' Tasty!,7.44,9.61,12.07,9.05,73.0,"Linux, Mac, Mobile, Nintendo Switch, PC, PlayStation 3, PlayStation 4, PlayStation Vita, Wii U, Xbox One",2014.0,0.9787234042553192,1.0,Oddworld: New 'n' Tasty
Offworld Trading Company,True,Offworld Trading Company,9.48,33.58,118.94,16.84,65.0,PC,2016.0,1.0,1.0,Offworld Trading Company
Ogu and the Secret Forest,True,Ogu and the Secret Forest,13.0,16.19,25.37,18.47,75.0,"Mac, Mobile, Nintendo Switch, PC",2023.0,1.0,1.0,Ogu and the Secret Forest
Olympics™ Go! Paris 2024 - Exclusive Outfits pack,False,,,,,,,,,,,
Orcs Must Die! 3,True,Orcs Must Die! 3,10.11,16.23,49.52,15.46,74.0,"Google Stadia, PC, PlayStation 4, Xbox One, Xbox Series X/S",2021.0,1.0,1.0,Orcs Must Die! 3
Orwell: Keeping an Eye on You,True,Orwell,4.56,6.18,9.67,5.56,73.0,"Mobile, PC",2016.0,1.0,0.96,Orwell: Keeping an Eye on You
Out There - Omega Edition,False,,,,,,,,,,,
Out of Line,True,Out of Line,2.86,2.9,3.21,2.98,66.0,"Nintendo Switch, PC, Xbox One",2021.0,1.0,1.0,Out of Line
Outliver: Tribulation,True,Outliver: Tribulation,2.45,3.42,3.64,3.44,45.0,PC,2023.0,1.0,1.0,Outliver: Tribulation
Overcooked,True,Overcooked,7.75,10.27,12.13,9.9,78.0,"Nintendo Switch, PC, PlayStation 4, Xbox One",2016.0,1.0,1.0,Overcooked
Overcooked! 2,True,Overcooked! 2,7.09,11.82,25.42,10.55,80.0,"Nintendo Switch, Nintendo Switch 2, PC, PlayStation 4, Xbox One",2018.0,1.0,1.0,Overcooked! 2
Oxenfree,True,Oxenfree,4.45,5.67,13.17,5.44,76.0,"Mobile, Nintendo Switch, PC, PlayStation 4, Xbox One",2016.0,1.0,1.0,Oxenfree
PAYDAY 2,True,Payday 2,27.13,154.99,537.95,137.62,71.0,"Linux, Nintendo Switch, PC, PlayStation 3, PlayStation 4, Xbox 360, Xbox One",2013.0,1.0,1.0,PAYDAY 2
PC Building Simulator,True,PC Building Simulator,23.42,56.91,93.36,50.42,67.0,"PC, PlayStation 4, Xbox One",2018.0,1.0,1.0,PC Building Simulator
Paladins - Epic Pack,False,,,,,,,,,,,
Paradigm,True,Paradigm,6.01,7.81,8.33,7.01,76.0,"Linux, Mac, PC",2017.0,1.0,1.0,Paradigm
Paradise Killer,True,Paradise Killer,11.57,14.17,15.29,14.14,81.0,"Nintendo Switch, PC, PlayStation 4, PlayStation 5, Xbox One, Xbox Series X/S",2020.0,1.0,1.0,Paradise Killer
Pathfinder: Kingmaker - Enhanced Plus Edition,False,,,,,,,,,,,
Pathway,True,Pathway,11.03,16.97,37.28,15.57,63.0,"Nintendo Switch, PC",2019.0,1.0,1.0,Pathway
Pikuniku,True,Pikuniku,3.11,3.87,6.49,3.78,72.0,"Google Stadia, Nintendo Switch, PC, Xbox One",2019.0,1.0,1.0,Pikuniku
Pilgrims,True,Pilgrims,0.86,1.22,2.04,1.31,74.0,"Linux, Mac, Mobile, Nintendo Switch, PC",2019.0,1.0,1.0,Pilgrims
Pillars of Eternity: Definitive Edition,True,Pillars of Eternity,36.21,64.06,110.96,66.39,80.0,"Nintendo Switch, PC, PlayStation 4, Xbox One",2015.0,1.0,0.99,Pillars of Eternity
Pine,True,Pine,17.03,21.45,35.66,21.43,61.0,"Linux, Mac, Nintendo Switch, PC, PlayStation 4",2019.0,1.0,1.0,Pine
Poison Retro Set,False,,,,,,,,,,,
Poker Club,True,Poker Club,1.5,0.0,0.0,1.5,41.0,"Nintendo Switch, PC, PlayStation 4, PlayStation 5, Xbox One, Xbox Series X/S",2020.0,1.0,1.0,Poker Club
Potion Permit,True,Potion Permit,20.91,27.57,34.77,29.71,71.0,"Mobile, Nintendo Switch, PC, PlayStation 4, PlayStation 5, Xbox One, Xbox Series X/S",2021.0,1.0,1.0,Potion Permit
Predecessor,True,Predecessor,1.0,0.0,0.0,1.0,68.0,"PC, PlayStation 4, PlayStation 5, Xbox Series X/S",2022.0,1.0,1.0,Predecessor
Prey Digital Deluxe,False,,,,,,,,,,,
Prison Architect,True,Prison Architect,17.0,43.38,70.2,30.67,72.0,"Linux, Mac, Mobile, Nintendo Switch, PC, PlayStation 4, Xbox One",2015.0,1.0,1.0,Prison Architect
Project Winter,True,Project Winter,9.82,19.78,123.78,49.2,66.0,"PC, Xbox One",2019.0,1.0,1.0,Project Winter
Prop Sumo,True,Prop Sumo,0.0,0.0,0.0,0.0,20.0,PC,2026.0,1.0,1.0,Prop Sumo
Q.U.B.E. 2,True,Q.U.B.E. 2,5.29,7.37,7.75,5.96,73.0,"Nintendo Switch, PC, PlayStation 4, Xbox One",2018.0,1.0,1.0,Q.U.B.E. 2
Q.U.B.E. ULTIMATE BUNDLE,False,,,,,,,,,,,
RAGE 2,True,Rage 2,10.61,19.23,32.79,17.82,65.0,"Google Stadia, PC, PlayStation 4, Xbox One",2019.0,1.0,1.0,RAGE 2
RAWMEN Sakura Gusoku Cosmetic Set,False,,,,,,,,,,,
RAWMEN: Food Fighter Arena 🍜,False,,,,,,,,,,,
RPG in a Box,True,RPG in a Box,0.0,0.0,0.0,0.0,69.0,"Linux, Mac, PC",2016.0,1.0,1.0,RPG in a Box
RUINER,True,RUINER,5.42,7.45,15.86,6.34,72.0,"Nintendo Switch, PC, PlayStation 4, Xbox One",2017.0,1.0,1.0,RUINER
Railway Empire,True,Railway Empire,21.12,73.99,265.99,44.55,72.0,"Nintendo Switch, PC, PlayStation 4, Xbox One",2018.0,1.0,1.0,Railway Empire
Rayman Legends,True,Rayman Legends,10.05,16.12,31.61,16.37,84.0,"Google Stadia, Nintendo Switch, PC, PlayStation 3, PlayStation 4, PlayStation Vita, Wii U, Xbox 360, Xbox One",2013.0,1.0,1.0,Rayman Legends
Realm Royale Reforged - Epic Launch Bundle,False,,,,,,,,,,,
Rebel Galaxy,True,Rebel Galaxy,21.99,31.3,53.35,32.71,70.0,"PC, PlayStation 4, Xbox One",2015.0,1.0,1.0,Rebel Galaxy
Recipe for Disaster,True,Recipe for Disaster,15.72,19.88,23.92,21.25,63.0,PC,2021.0,1.0,1.0,Recipe for Disaster
Redout 2,True,Redout II,32.58,49.77,0.0,46.81,68.0,"Nintendo Switch, PC, PlayStation 4, PlayStation 5, Xbox One, Xbox Series X/S",2022.0,1.0,0.9,Redout 2
Redout: Enhanced Edition,True,Redout,10.06,20.44,49.75,19.76,68.0,"Nintendo Switch, PC, PlayStation 4, Xbox One",2016.0,1.0,0.99,Redout: Enhanced Edition
Relicta,True,Relicta,13.97,22.47,25.2,17.82,60.0,"Google Stadia, PC, PlayStation 4, Xbox One",2020.0,1.0,1.0,Relicta
Remnant: From The Ashes,True,Remnant: From the Ashes,13.26,20.84,58.76,18.69,73.0,"Nintendo Switch, PC, PlayStation 4, Xbox One",2019.0,1.0,1.0,Remnant: From The Ashes
Remnant: From the Ashes,True,Remnant: From the Ashes,13.26,20.84,58.76,18.69,73.0,"Nintendo Switch, PC, PlayStation 4, Xbox One",2019.0,1.0,1.0,Remnant: From the Ashes
Residual,True,Residual,3.0,0.0,0.0,3.0,0.0,"Linux, Nintendo Switch, PC, PlayStation 4, PlayStation 5, Xbox One, Xbox Series X/S",2021.0,1.0,1.0,Residual
Return to Ash,True,Return to Ash,1.16,1.9,3.42,1.91,65.0,"Linux, Mac, PC",2025.0,1.0,1.0,Return to Ash
RiME,True,RiME,5.73,6.88,10.39,6.55,74.0,"Nintendo Switch, PC, PlayStation 4, Xbox One",2017.0,1.0,1.0,RiME
Ring of Pain,True,Ring of Pain,7.88,21.16,89.67,14.4,73.0,"Nintendo Switch, PC, Xbox One",2020.0,1.0,1.0,Ring of Pain
Rise of Industry,True,Rise of Industry,18.93,48.13,54.51,32.2,64.0,PC,2018.0,1.0,1.0,Rise of Industry
Rise of the Tomb Raider: 20 Year Celebration,True,Rise of the Tomb Raider: 20 Year Celebration,14.21,23.71,38.77,22.96,80.0,"Google Stadia, PC, PlayStation 4, Xbox One",2016.0,1.0,1.0,Rise of the Tomb Raider: 20 Year Celebration
Rising Hell,True,Rising Hell,3.32,5.76,10.01,3.92,71.0,"Nintendo Switch, PC, PlayStation 4, Xbox One",2019.0,1.0,1.0,Rising Hell
Rising Storm 2: Vietnam,True,Rising Storm 2: Vietnam,2.18,56.0,0.0,7.57,71.0,PC,2017.0,1.0,1.0,Rising Storm 2: Vietnam
River City Girls,True,River City Girls,6.94,8.54,15.83,8.41,75.0,"Nintendo Switch, PC, PlayStation 4, PlayStation 5, Xbox One",2019.0,1.0,1.0,River City Girls
Riverbond,True,Riverbond,5.04,5.05,6.1,5.57,65.0,"Nintendo Switch, PC, PlayStation 4, Xbox One",2019.0,1.0,1.0,Riverbond
Road Redemption,True,Road Redemption,5.72,10.61,37.9,8.9,66.0,"PC, PlayStation 4, Xbox One",2014.0,1.0,1.0,Road Redemption
Road Redemption Mobile - Full Game,False,,,,,,,,,,,
Rocket League® - TriTrim Wheels,False,,,,,,,,,,,
Rogue Company - Season Four Epic Pack,False,,,,,,,,,,,
Rogue Legacy,True,Rogue Legacy,16.44,26.36,38.72,21.62,77.0,"Mobile, PC, Nintendo Switch, PlayStation 3, PlayStation 4, PlayStation Vita, Xbox One",2013.0,1.0,1.0,Rogue Legacy
RollerCoaster Tycoon 3: Complete Edition,True,RollerCoaster Tycoon 3: Complete Edition,20.47,61.65,190.02,53.31,72.0,"Nintendo Switch, PC, PlayStation 4, PlayStation 5, Xbox One, Xbox Series X/S",2020.0,1.0,1.0,RollerCoaster Tycoon 3: Complete Edition
Rugrats: Adventures in Gameland,True,Rugrats: Adventures in Gameland,1.67,2.01,2.3,2.07,58.0,"NES, Nintendo Switch, PC, PlayStation 4, PlayStation 5, Xbox One, Xbox Series X/S",2024.0,1.0,1.0,Rugrats: Adventures in Gameland
Rumble Club - Free Game of the Week Bonus,False,,,,,,,,,,,
Rumbleverse - Boom Boxer Content Pack,False,,,,,,,,,,,
Rumbleverse - Epic Cheerleader Pack,False,,,,,,,,,,,
Runbow,True,Runbow,2.85,7.58,14.56,5.56,69.0,"Nintendo Switch, PC, PlayStation 4, Wii U, Xbox One",2015.0,1.0,1.0,Runbow
Rustler (Grand Theft Horse),False,,,,,,,,,,,
SIFU,True,Sifu,7.77,14.07,22.26,11.92,80.0,"Nintendo Switch, PC, PlayStation 4, PlayStation 5, Xbox One, Xbox Series X/S",2022.0,1.0,1.0,SIFU
SKALD: Against the Black Priory,True,SKALD: Against the Black Priory,16.91,20.53,26.65,22.55,79.0,"Mac, PC",2024.0,1.0,1.0,SKALD: Against the Black Priory
SMITE 2 Thanatoasty Bundle,False,,,,,,,,,,,
SOMA,True,Soma,9.08,10.92,11.1,10.13,83.0,"Linux, Mac, Nintendo Switch, PC, PlayStation 4, Xbox One",2015.0,1.0,1.0,SOMA
STALCRAFT: X Edition Starter,False,,,,,,,,,,,
STAR WARS Battlefront II: Celebration Edition,False,,,,,,,,,,,
STAR WARS: Squadrons,True,Star Wars: Squadrons,9.09,11.87,41.62,9.77,69.0,"PC, PlayStation 4, Xbox One",2020.0,1.0,1.0,STAR WARS: Squadrons
STAR WARS™ Knights of the Old Republic™,False,,,,,,,,,,,
STAR WARS™ Knights of the Old Republic™ II - The Sith Lords™,False,,,,,,,,,,,
SUPER CRAZY RHYTHM CASTLE,True,Super Crazy Rhythm Castle,6.42,14.19,28.49,10.59,69.0,"Nintendo Switch, PC, PlayStation 4, PlayStation 5, Xbox One, Xbox Series X/S",2023.0,1.0,1.0,SUPER CRAZY RHYTHM CASTLE
SUPERHOT,True,SUPERHOT,2.39,5.17,20.01,3.31,77.0,"Google Stadia, Nintendo Switch, PC, PlayStation 4, Xbox One",2016.0,1.0,1.0,SUPERHOT
Sable,True,Sable,7.42,14.15,20.78,15.3,67.0,"PC, PlayStation 4, PlayStation 5, Xbox One, Xbox Series X/S",2021.0,1.0,1.0,Sable
Sail Forth,True,Sail Forth,16.21,28.57,37.5,23.21,67.0,"Linux, Mac, Nintendo Switch, Nintendo Switch 2, PC, PlayStation 4, PlayStation 5, Xbox One, Xbox Series X/S",2022.0,1.0,1.0,Sail Forth
Saints Row,True,Saints Row,12.6,26.96,52.52,23.12,55.0,"PC, PlayStation 4, PlayStation 5, Xbox One, Xbox Series X/S",2022.0,1.0,1.0,Saints Row
Saints Row IV: Re-Elected,True,Saints Row IV: Re-Elected,14.95,26.14,43.31,26.72,72.0,"Google Stadia, Nintendo Switch, PC, PlayStation 4, Xbox One",2015.0,1.0,1.0,Saints Row IV: Re-Elected
Saints Row: The Third - Remastered,True,Saints Row: The Third Remastered,13.32,22.33,39.84,22.14,75.0,"Nintendo Switch, PC, PlayStation 3, PlayStation 4, PlayStation 5, Xbox 360, Xbox One, Xbox Series X/S",2012.0,0.7924528301886793,1.0,Saints Row: The Third
Salt and Sanctuary,True,Salt & Sanctuary,16.46,21.5,32.11,21.25,78.0,"Nintendo Switch, PC, PlayStation 4, PlayStation Vita, Xbox One",2016.0,1.0,1.0,Salt and Sanctuary
Samorost 2,True,Samorost 2,1.05,1.07,1.11,1.06,68.0,"Browser, Mobile, PC",2009.0,1.0,1.0,Samorost 2
Samorost 3,True,Samorost 3,4.64,5.12,5.13,5.02,77.0,"Mobile, PC",2016.0,1.0,1.0,Samorost 3
Samurai Shodown Neogeo Collection,True,Samurai Shodown NeoGeo Collection,3.27,6.13,31.14,10.61,66.0,"Nintendo Switch, PC, PlayStation 4",2020.0,1.0,1.0,Samurai Shodown Neogeo Collection
Saturnalia,True,Saturnalia,8.0,8.4,10.37,8.76,73.0,"Nintendo Switch, PC, PlayStation 4, PlayStation 5, Xbox One, Xbox Series X/S",2022.0,1.0,1.0,Saturnalia
Scourgebringer,True,ScourgeBringer,8.13,11.23,13.43,10.31,70.0,"Mobile, Nintendo Switch, PC, PlayStation 4, PlayStation Vita, Xbox One",2020.0,1.0,1.0,Scourgebringer
Second Extinction,True,Second Extinction,7.36,7.97,16.78,9.1,50.0,"PC, Xbox One",2020.0,1.0,1.0,Second Extinction
Severed Steel,True,Severed Steel,3.03,6.25,21.52,3.89,77.0,"Nintendo Switch, PC, PlayStation 4, PlayStation 5, Xbox One, Xbox Series X/S",2021.0,1.0,1.0,Severed Steel
Shadow Tactics: Aiko's Choice,True,Shadow Tactics: Blades of the Shogun - Aiko's Choice,7.26,10.14,13.75,8.77,82.0,"Linux, Nintendo Switch 2, PC, PlayStation 5, Xbox Series X/S",2021.0,0.7160493827160493,0.94,Shadow Tactics: Aiko's Choice
Shadow Tactics: Blades of the Shogun,True,Shadow Tactics: Blades of the Shogun,24.91,30.47,57.44,27.99,82.0,"Linux, Mac, Nintendo Switch 2, PC, PlayStation 4, Xbox One",2016.0,1.0,1.0,Shadow Tactics: Blades of the Shogun
Shadow of the Tomb Raider: Definitive Edition,True,Shadow of the Tomb Raider: Definitive Edition,12.9,26.15,42.56,22.92,78.0,"Google Stadia, Linux, Mac, PC, PlayStation 4, Xbox One",2018.0,1.0,1.0,Shadow of the Tomb Raider: Definitive Edition
Shadowrun Collection,False,,,,,,,,,,,
Shadowrun: Dragonfall - Director's Cut,True,Shadowrun: Dragonfall - Director's Cut,20.61,29.5,41.68,30.09,80.0,"Linux, Mac, Mobile, Nintendo Switch, PC, PlayStation 4, PlayStation 5, Xbox One, Xbox Series X/S",2014.0,1.0,1.0,Shadowrun: Dragonfall - Director's Cut
Shadowrun: Hong Kong - Extended Edition,True,Shadowrun: Hong Kong - Extended Edition,20.49,41.69,47.65,40.52,76.0,"Linux, Mac, Nintendo Switch, PC, PlayStation 4, PlayStation 5, Xbox One, Xbox Series X/S",2016.0,1.0,1.0,Shadowrun: Hong Kong - Extended Edition
Sheltered,True,Sheltered,21.47,31.71,32.79,28.95,65.0,"Nintendo Switch, PC, PlayStation 4, Xbox One",2015.0,1.0,1.0,Sheltered
Shenmue III,True,Shenmue III,24.64,34.89,57.15,32.12,65.0,"Nintendo Switch 2, PC, PlayStation 4, PlayStation 5, Xbox Series X/S",2019.0,1.0,1.0,Shenmue III
Sherlock Holmes: Crimes and Punishments,True,Sherlock Holmes: Crimes and Punishments,12.6,14.81,15.46,14.21,75.0,"Nintendo Switch, PC, PlayStation 3, PlayStation 4, Xbox 360, Xbox One",2014.0,1.0,1.0,Sherlock Holmes: Crimes and Punishments
Shop Titans - Exclusive Package,False,,,,,,,,,,,
Shotgun King: The Final Checkmate,True,Shotgun King: The Final Checkmate,1.51,9.5,47.55,3.65,71.0,"Mobile, Nintendo Switch, PC, PlayStation 4, PlayStation 5, Xbox One, Xbox Series X/S",2022.0,1.0,1.0,Shotgun King: The Final Checkmate
Sid Meier's Civilization VI,True,Sid Meier's Civilization VI,23.35,98.65,387.6,64.07,80.0,"Linux, Mac, Mobile, Nintendo Switch, PC, PlayStation 4, Xbox One",2016.0,1.0,1.0,Sid Meier's Civilization VI
Sid Meier’s Civilization® VI Platinum Edition,False,,,,,,,,,,,
Sifu,True,Sifu,7.77,14.07,22.26,11.92,80.0,"Nintendo Switch, PC, PlayStation 4, PlayStation 5, Xbox One, Xbox Series X/S",2022.0,1.0,1.0,Sifu
Skul: The Hero Slayer,True,Skul: The Hero Slayer,20.49,40.39,62.06,28.95,70.0,"Linux, Mac, Mobile, Nintendo Switch, PC, PlayStation 4, Xbox One",2021.0,1.0,1.0,Skul: The Hero Slayer
Sky Racket,True,Sky Racket,2.42,6.0,10.0,3.6,73.0,"Nintendo Switch, PC",0.0,1.0,1.0,Sky Racket
Slain: Back From Hell,True,Slain: Back from Hell,6.06,8.38,11.67,7.32,61.0,"Linux, Mac, Nintendo Switch, PC, PlayStation 4, PlayStation Vita, Xbox One",2016.0,1.0,1.0,Slain: Back From Hell
Slime Rancher,True,Slime Rancher,14.59,22.88,38.18,23.19,78.0,"Linux, Mac, Nintendo Switch, PC, PlayStation 4, Xbox One",2017.0,1.0,1.0,Slime Rancher
Sludge Life,True,Sludge Life,2.19,3.09,4.24,3.38,70.0,"Nintendo Switch, PC",2020.0,1.0,1.0,Sludge Life
Snakebird Complete,True,Snakebird Complete,4.27,6.69,9.91,6.64,72.0,"Nintendo Switch, PC",2023.0,1.0,1.0,Snakebird Complete
Sniper Ghost Warrior Contracts,True,Sniper Ghost Warrior Contracts,11.93,15.46,27.04,15.27,69.0,"PC, PlayStation 4, Xbox One",2019.0,1.0,1.0,Sniper Ghost Warrior Contracts
Solitairica,True,Solitairica,8.41,28.0,79.32,11.61,70.0,"Mobile, PC",2016.0,1.0,1.0,Solitairica
Songs of Silence,True,Songs of Silence,12.82,30.0,57.5,24.12,64.0,"PC, PlayStation 5, Xbox Series X/S",2024.0,1.0,1.0,Songs of Silence
Sonic Mania,True,Sonic Mania,5.66,9.49,18.98,7.49,82.0,"Nintendo Switch, PC, PlayStation 4, Xbox One",2017.0,1.0,1.0,Sonic Mania
Sorry We're Closed,True,Sorry We're Closed,6.92,8.24,12.09,7.77,78.0,"Nintendo Switch, PC, PlayStation 4, PlayStation 5, Xbox One, Xbox Series X/S",2024.0,1.0,1.0,Sorry We're Closed
Soulstice,True,Soulstice,16.59,20.26,33.59,18.54,72.0,"PC, PlayStation 4, PlayStation 5, Xbox Series X/S",2022.0,1.0,1.0,Soulstice
Speed Brawl,True,Speed Brawl,7.22,7.41,7.28,7.19,60.0,"PC, PlayStation 4, Xbox One",2018.0,1.0,1.0,Speed Brawl
Spelldrifter,True,Spelldrifter,10.65,12.52,30.13,15.67,70.0,"Mobile, PC",2019.0,1.0,1.0,Spelldrifter
Spirit of the North,True,Spirit of the North,5.09,5.88,7.92,6.05,62.0,"Nintendo Switch, PC, PlayStation 4, PlayStation 5, Xbox One, Xbox Series X/S",2019.0,1.0,1.0,Spirit of the North
Star Trek Online - Epic Starter Pack Bundle,False,,,,,,,,,,,
Steep,True,Steep,12.01,24.35,38.07,22.47,70.0,"PC, PlayStation 4, Xbox One",2016.0,1.0,1.0,Steep
Stick it to The Man!,True,Stick it to The Man!,4.42,5.04,5.68,4.95,72.0,"Nintendo Switch, PC, PlayStation 3, PlayStation 4, PlayStation Vita, Wii U, Xbox One",2013.0,1.0,1.0,Stick it to The Man!
Stories Untold,True,Stories Untold,2.75,3.04,3.13,2.94,74.0,"Nintendo Switch, PC, PlayStation 4, Xbox One",2017.0,1.0,1.0,Stories Untold
Stranded Deep,True,Stranded Deep,22.93,36.58,43.26,32.02,59.0,"PC, PlayStation 4, Xbox One",2015.0,1.0,1.0,Stranded Deep
Strange Horticulture,True,Strange Horticulture,5.65,6.66,9.12,6.79,78.0,"Amazon Luna, Mobile, Nintendo Switch, PC, PlayStation 4, Xbox One, Xbox Series X/S",2022.0,1.0,1.0,Strange Horticulture
Stranger Things 3: The Game,True,Stranger Things 3: The Game,8.54,9.54,14.64,10.1,67.0,"Mobile, Nintendo Switch, PC, PlayStation 4, Xbox One",2019.0,1.0,1.0,Stranger Things 3: The Game
Stubbs the Zombie in Rebel Without a Pulse,True,Stubbs the Zombie in Rebel Without a Pulse,6.04,7.76,9.76,6.56,68.0,"Nintendo Switch, PC, PlayStation 4, Xbox, Xbox One",2005.0,1.0,1.0,Stubbs the Zombie in Rebel Without a Pulse
Styx: Master of Shadows,True,Styx: Master of Shadows,16.99,22.37,41.45,23.02,70.0,"PC, PlayStation 4, Xbox One",2014.0,1.0,1.0,Styx: Master of Shadows
Styx: Shards of Darkness,True,Styx: Shards of Darkness,12.2,16.56,29.8,16.66,73.0,"PC, PlayStation 4, Xbox One",2017.0,1.0,1.0,Styx: Shards of Darkness
Submerged: Hidden Depths,True,Submerged: Hidden Depths,4.27,6.35,8.6,7.1,70.0,"Google Stadia, Nintendo Switch, PC, PlayStation 4, PlayStation 5, Xbox One, Xbox Series X/S",2022.0,1.0,1.0,Submerged: Hidden Depths
Subnautica,True,Subnautica,29.89,42.07,52.4,41.48,85.0,"Nintendo Switch, Nintendo Switch 2, PC, PlayStation 4, PlayStation 5, Xbox One, Xbox Series X/S",2018.0,1.0,1.0,Subnautica
Suicide Squad: Kill the Justice League,True,Suicide Squad: Kill the Justice League,11.91,18.54,43.97,16.94,56.0,"PC, PlayStation 5, Xbox Series X/S",2024.0,1.0,1.0,Suicide Squad: Kill the Justice League
Sundered: Eldritch Edition,True,Sundered,11.99,15.46,20.61,15.46,75.0,"Google Stadia, Linux, Mac, Nintendo Switch, PC, PlayStation 4, Xbox One",2017.0,1.0,0.96,Sundered: Eldritch Edition
Sunless Sea,True,Sunless Sea,21.76,61.93,123.14,58.57,71.0,"Nintendo Switch, PC",2014.0,1.0,1.0,Sunless Sea
Sunless Skies: Sovereign Edition,False,,,,,,,,,,,
Super Meat Boy,True,Super Meat Boy,9.22,18.43,45.75,14.02,79.0,"Linux, Mac, Mobile, Nintendo Switch, PC, PlayStation 4, PlayStation Vita, Wii U, Xbox 360",2010.0,1.0,1.0,Super Meat Boy
Super Meat Boy Forever,True,Super Meat Boy Forever,4.35,7.27,12.32,4.72,64.0,"Mobile, Nintendo Switch, PC, PlayStation 4, Xbox One",2020.0,1.0,1.0,Super Meat Boy Forever
Super Meat Boy Forever Mobile,False,,,,,,,,,,,
Super Space Club,True,Super Space Club,1.5,0.0,0.0,1.5,44.0,PC,2023.0,1.0,1.0,Super Space Club
Superbrothers: Sword & Sworcery EP,True,Superbrothers: Sword & Sworcery EP,4.11,4.74,5.15,4.59,70.0,"Mobile, Nintendo Switch, PC",2012.0,1.0,1.0,Superbrothers: Sword & Sworcery EP
Supraland,True,Supraland,12.96,16.75,23.45,18.52,79.0,"Nintendo Switch, PC, PlayStation 4, Xbox One",2019.0,1.0,1.0,Supraland
Surviving Mars,True,Surviving Mars,22.07,46.04,190.27,40.26,69.0,"Linux, Mac, PC, PlayStation 4, Xbox One",2018.0,1.0,1.0,Surviving Mars
Surviving the Aftermath,True,Surviving The Aftermath,17.78,31.16,34.09,24.92,66.0,"PC, PlayStation 4, Xbox One",2021.0,1.0,1.0,Surviving the Aftermath
TOEM,True,Toem,3.34,4.43,6.11,5.14,81.0,"Mobile, Nintendo Switch, PC, PlayStation 5, Xbox One, Xbox Series X/S",2021.0,1.0,1.0,TOEM
TOMAK: Save the Earth Regeneration,False,,,,,,,,,,,
Tacoma,True,Tacoma,2.52,3.14,3.56,3.05,72.0,"PC, PlayStation 4, Xbox One",2017.0,1.0,1.0,Tacoma
Tales of the Neon Sea,True,Tales of the Neon Sea,8.94,9.84,10.35,9.71,72.0,"Mobile, Nintendo Switch, PC, PlayStation 4, PlayStation 5, Xbox One",2019.0,1.0,1.0,Tales of the Neon Sea
Tandem: A Tale of Shadows,True,Tandem: A Tale of Shadows,4.88,5.98,6.34,5.48,68.0,"Nintendo Switch, PC, PlayStation 4",2021.0,1.0,1.0,Tandem: A Tale of Shadows
Tannenberg,True,Tannenberg,4.8,13.95,14.87,8.43,66.0,"Linux, Mac, PC, PlayStation 4, PlayStation 5, Xbox One, Xbox Series X/S",2017.0,1.0,1.0,Tannenberg
TerraTech,True,TerraTech,24.31,29.0,52.5,36.22,65.0,PC,2015.0,1.0,1.0,TerraTech
Terraforming Mars,True,Terraforming Mars,1.91,8.57,33.45,4.27,69.0,PC,2018.0,1.0,1.0,Terraforming Mars
Tharsis,True,Tharsis,2.23,4.67,13.3,3.59,62.0,"Mobile, Nintendo Switch, PC, PlayStation 4",2016.0,1.0,1.0,Tharsis
The Alto Collection,True,The Alto Collection,6.25,19.44,33.36,9.74,61.0,"Mobile, Nintendo Switch, PC",2020.0,1.0,1.0,The Alto Collection
The Battle of Polytopia,True,The Battle of Polytopia,1.33,3.38,12.55,2.21,64.0,"Linux, Mac, Mobile, PC",2020.0,1.0,1.0,The Battle of Polytopia
The Big Con,True,The Big Con,4.35,5.69,8.68,5.73,70.0,"Nintendo Switch, PC, PlayStation 4, PlayStation 5, Xbox One, Xbox Series X/S",2021.0,1.0,1.0,The Big Con
The Bridge,True,The Bridge,3.46,5.95,7.49,5.13,63.0,"Linux, Mac, Nintendo Switch, PC, PlayStation 3, PlayStation 4, PlayStation Vita, Wii U, Xbox 360, Xbox One",2013.0,1.0,1.0,The Bridge
The Callisto Protocol,True,The Callisto Protocol,10.1,12.05,15.69,11.36,68.0,"PC, PlayStation 4, PlayStation 5, Xbox One, Xbox Series X/S",2022.0,1.0,1.0,The Callisto Protocol
The Captain,True,The Captain,10.18,17.46,31.7,13.96,70.0,PC,2021.0,1.0,1.0,The Captain
The Cycle: Frontier - Fortuna Survivor,False,,,,,,,,,,,
The Darkside Detective,True,The Darkside Detective,3.71,5.67,6.47,5.24,75.0,"Google Stadia, Linux, Mac, Mobile, Nintendo Switch, PC, PlayStation 4, PlayStation 5, Xbox One",2017.0,1.0,1.0,The Darkside Detective
The Darkside Detective: A Fumble in the Dark,True,The Darkside Detective: A Fumble in the Dark,7.85,10.78,11.02,9.64,77.0,"Google Stadia, Linux, Mac, Nintendo Switch, PC, PlayStation 5, Xbox One",2021.0,1.0,1.0,The Darkside Detective: A Fumble in the Dark
The Drone Racing League Simulator,True,The Drone Racing League Simulator,14.9,0.0,0.0,14.9,55.0,PC,2017.0,1.0,1.0,The Drone Racing League Simulator
The Dungeon of Naheulbeuk: The Amulet Of Chaos,True,The Dungeon Of Naheulbeuk: The Amulet Of Chaos,31.85,37.22,47.05,36.79,73.0,"PC, PlayStation 4, PlayStation 5, Xbox One, Xbox Series X/S",2020.0,1.0,1.0,The Dungeon of Naheulbeuk: The Amulet Of Chaos
The Elder Scrolls Online,True,The Elder Scrolls Online,47.9,207.44,606.92,194.42,70.0,"Google Stadia, Mac, PC, PlayStation 4, PlayStation 5, Xbox One, Xbox Series X/S",2014.0,1.0,1.0,The Elder Scrolls Online
The End Is Nigh,True,The End Is Nigh,8.41,15.78,68.05,13.01,76.0,"Nintendo Switch, PC, PlayStation 4",2017.0,1.0,1.0,The End Is Nigh
The Escapists,True,The Escapists,19.43,42.51,44.37,27.85,66.0,"Mobile, Nintendo Switch, PC, PlayStation 4, Xbox 360, Xbox One",2015.0,1.0,1.0,The Escapists
The Escapists 2,True,The Escapists 2,16.98,32.52,59.56,26.92,69.0,"Mobile, Nintendo Switch, PC, PlayStation 4, Xbox One",2017.0,1.0,1.0,The Escapists 2
The Evil Within,True,The Evil Within,15.33,19.98,41.1,17.71,75.0,"PC, PlayStation 3, PlayStation 4, Xbox 360, Xbox One",2014.0,1.0,1.0,The Evil Within
The Evil Within 2,True,The Evil Within 2,13.37,18.5,28.51,17.57,80.0,"PC, PlayStation 4, Xbox One",2017.0,1.0,1.0,The Evil Within 2
The Falconeer: Standard Edition,False,,,,,,,,,,,
The Fall,True,The Fall,3.44,4.18,4.66,3.78,69.0,"PC, Nintendo Switch, PlayStation 4, Wii U, Xbox One",2014.0,1.0,1.0,The Fall
The First Tree,True,The First Tree,1.82,2.03,3.59,2.07,60.0,"Linux, Mac, Mobile, Nintendo Switch, PC, PlayStation 4, Xbox One",2017.0,1.0,1.0,The First Tree
The Forest Quartet,True,The Forest Quartet,1.29,1.38,1.51,1.37,71.0,"Mobile, Nintendo Switch, PC, PlayStation 4, PlayStation 5",2022.0,1.0,1.0,The Forest Quartet
The Jackbox Party Pack,True,The Jackbox Party Pack,3.4,5.06,15.85,5.29,68.0,"Nintendo Switch, PC, PlayStation 3, PlayStation 4, Xbox 360, Xbox One",2014.0,1.0,1.0,The Jackbox Party Pack
The Last Stand: Aftermath,True,The Last Stand: Aftermath,21.5,26.06,42.14,27.82,65.0,"PC, PlayStation 4, PlayStation 5, Xbox One, Xbox Series X/S",2021.0,1.0,1.0,The Last Stand: Aftermath
The Lion's Song,True,The Lion's Song,3.94,5.25,23.61,5.02,72.0,"Mobile, Nintendo Switch, PC",2016.0,1.0,1.0,The Lion's Song
The Long Dark,True,The Long Dark,22.55,54.23,247.56,51.85,73.0,"Linux, Mac, Nintendo Switch, PC, PlayStation 4, Xbox One",2014.0,1.0,1.0,The Long Dark
The Lord of the Rings™: Return to Moria™,False,,,,,,,,,,,
The Messenger,True,The Messenger,12.03,14.46,16.15,14.41,83.0,"Nintendo Switch, PC, PlayStation 4, PlayStation 5, Xbox One",2018.0,1.0,1.0,The Messenger
The Operator,True,The Operator,3.55,4.16,4.33,3.68,77.0,"Linux, Mac, Nintendo Switch, PC",2024.0,1.0,1.0,The Operator
The Outer Worlds: Spacer's Choice Edition,True,The Outer Worlds: Spacer's Choice Edition,17.74,37.12,61.2,38.63,77.0,"PC, PlayStation 5, Xbox Series X/S",2023.0,1.0,1.0,The Outer Worlds: Spacer's Choice Edition
The Silent Age,True,The Silent Age,3.32,3.59,3.71,3.53,70.0,"Mobile, PC",2012.0,1.0,1.0,The Silent Age
The Sims 4 - Jungle Adventure Game Pack,False,,,,,,,,,,,
The Sims 4 - Luxury Party Stuff Pack,False,,,,,,,,,,,
The Sims 4 - The Daring Lifestyle Bundle,False,,,,,,,,,,,
The Sims™ 4 - Backyard Stuff,False,,,,,,,,,,,
The Sims™ 4 - My First Pet Stuff,False,,,,,,,,,,,
The Spectrum Retreat,True,The Spectrum Retreat,5.05,5.26,5.88,5.27,65.0,"Nintendo Switch, PC, PlayStation 4, Xbox One",2018.0,1.0,1.0,The Spectrum Retreat
The Spirit and the Mouse,True,The Spirit and The Mouse,4.14,5.16,6.04,5.44,73.0,"Nintendo Switch, PC, PlayStation 4, PlayStation 5",2022.0,1.0,1.0,The Spirit and the Mouse
The Stanley Parable,True,The Stanley Parable,1.45,2.91,9.07,3.21,79.0,"Linux, Mac, PC",2013.0,1.0,1.0,The Stanley Parable
The Stone of Madness,True,The Stone of Madness,26.27,31.17,0.0,27.5,70.0,"Nintendo Switch, PC, PlayStation 5, Xbox One",2025.0,1.0,1.0,The Stone of Madness
The Talos Principle,True,The Talos Principle,15.66,21.19,29.36,21.25,83.0,"Linux, Mac, Mobile, Nintendo Switch, PC, PlayStation 4, Xbox One",2014.0,1.0,1.0,The Talos Principle
The Textorcist: The Story of Ray Bibbia,True,The Textorcist: The Story of Ray Bibbia,4.2,6.71,14.38,5.09,70.0,PC,2019.0,1.0,1.0,The Textorcist: The Story of Ray Bibbia
The Vanishing of Ethan Carter,True,The Vanishing of Ethan Carter,3.77,4.2,4.32,4.09,72.0,"Nintendo Switch, PC, PlayStation 4, Xbox One",2014.0,1.0,1.0,The Vanishing of Ethan Carter
The Witness,True,The Witness,16.97,24.3,37.42,22.71,79.0,"Mac, Mobile, PC, PlayStation 4, Xbox One",2016.0,1.0,1.0,The Witness
The Wolf Among Us,True,The Wolf Among Us,8.62,9.31,10.94,9.33,84.0,"Mobile, PC, PlayStation 3, PlayStation 4, PlayStation Vita, Xbox 360, Xbox One",2013.0,1.0,1.0,The Wolf Among Us
The World Next Door,True,The World Next Door,3.39,4.1,4.92,4.02,63.0,"Nintendo Switch, PC",2019.0,1.0,1.0,The World Next Door
The Wreck,True,The Wreck,4.48,4.76,4.8,4.58,74.0,"Mac, Mobile, Nintendo Switch, PC, PlayStation 4, PlayStation 5, Xbox One, Xbox Series X/S",2023.0,1.0,1.0,The Wreck
Them's Fightin' Herds,True,Them's Fightin' Herds,4.25,5.09,0.0,4.31,57.0,"Linux, Mac, Nintendo Switch, PC, PlayStation 4, PlayStation 5, Xbox One, Xbox Series X/S",2018.0,1.0,1.0,Them's Fightin' Herds
There Is No Game: Wrong Dimension,True,There Is No Game: Wrong Dimension,4.98,5.64,6.2,5.38,80.0,"Mobile, Nintendo Switch, PC",2020.0,1.0,1.0,There Is No Game: Wrong Dimension
Thief,True,Thief,10.97,22.2,44.6,18.26,64.0,"PC, PlayStation 3, PlayStation 4, Xbox 360, Xbox One",2014.0,1.0,1.0,Thief
Thimbleweed Park,True,Thimbleweed Park,10.51,14.15,15.93,12.46,77.0,"Mac, Mobile, Nintendo Switch, PC, PlayStation 4, Xbox One",2017.0,1.0,1.0,Thimbleweed Park
This War of Mine,True,This War of Mine,11.27,20.23,41.41,16.35,77.0,"Linux, Mac, Mobile, Nintendo Switch, PC, PlayStation 4, PlayStation 5, Xbox One, Xbox Series X/S",2014.0,1.0,1.0,This War of Mine
Ticket to Ride,True,Ticket to Ride,0.71,4.79,157.27,22.54,66.0,"Mac, PC",2012.0,1.0,1.0,Ticket to Ride
Tiny Tina's Assault on Dragon Keep: A Wonderlands One-shot Adventure,True,Tiny Tina's Assault on Dragon Keep: A Wonderlands One-Shot Adventure,5.81,10.75,35.61,9.73,68.0,"PC, PlayStation 4, PlayStation 5, Xbox One, Xbox Series X/S",2021.0,1.0,1.0,Tiny Tina's Assault on Dragon Keep: A Wonderlands One-shot Adventure
Tiny Tina's Wonderlands,True,Tiny Tina's Wonderlands,16.11,28.92,52.06,28.49,71.0,"PC, PlayStation 4, PlayStation 5, Xbox One, Xbox Series X/S",2022.0,1.0,1.0,Tiny Tina's Wonderlands
ToeJam & Earl: Back in the Groove!,False,,,,,,,,,,,
Tom Clancy’s Ghost Recon Wildlands - Fallen Ghosts,False,,,,,,,,,,,
Tomb Raider Trilogy,True,Tomb Raider Trilogy,39.36,45.59,0.0,43.52,80.0,PlayStation 3,2011.0,1.0,1.0,Tomb Raider Trilogy
Torchlight,True,Torchlight,14.2,21.38,49.37,19.28,72.0,"PC, Xbox 360",2009.0,1.0,1.0,Torchlight
Torchlight II,True,Torchlight II,20.75,29.79,78.56,27.88,76.0,"PC, Nintendo Switch, PlayStation 4, Xbox One",2012.0,1.0,1.0,Torchlight II
Tormentor❌Punisher,False,,,,,,,,,,,
Total War: THREE KINGDOMS,True,Total War: Three Kingdoms,46.03,67.2,672.95,72.3,77.0,"Linux, Mac, PC",2019.0,1.0,1.0,Total War: THREE KINGDOMS
Total War: WARHAMMER,True,Total War: Warhammer,33.83,70.51,185.16,55.62,78.0,PC,2016.0,1.0,1.0,Total War: WARHAMMER
Totally Accurate Battle Simulator,True,Totally Accurate Battle Simulator,8.63,16.04,41.8,18.86,70.0,"Nintendo Switch, PC, PlayStation 4, Xbox One",2019.0,1.0,1.0,Totally Accurate Battle Simulator
Totally Reliable Delivery Service,True,Totally Reliable Delivery Service,2.91,9.07,11.24,7.81,52.0,"Mobile, Nintendo Switch, PC, PlayStation 4, PlayStation 5, Xbox One, Xbox Series X/S",2019.0,1.0,1.0,Totally Reliable Delivery Service
Totally Reliable Delivery Service Standard Edition,False,,,,,,,,,,,
Touch Type Tale,True,Touch Type Tale,11.17,27.6,0.0,13.51,54.0,PC,2023.0,1.0,1.0,Touch Type Tale
TowerFall Ascension,True,TowerFall Ascension,3.76,9.57,35.89,7.21,79.0,"Nintendo Switch, Ouya, PC, PlayStation 4, PlayStation Vita",2013.0,1.0,1.0,TowerFall Ascension
Town of Salem 2,True,Town of Salem II,0.0,0.0,0.0,0.0,59.0,"Mac, PC",2023.0,1.0,0.9032,Town of Salem 2
Train Sim World 2,True,Train Sim World 2,21.0,0.0,0.0,21.0,64.0,"PC, PlayStation 4, PlayStation 5, Xbox One, Xbox Series X/S",2020.0,1.0,1.0,Train Sim World 2
Train Sim World 2 - LGV Méditerranée: Marseille - Avignon,False,,,,,,,,,,,
Train Sim World® 5: Sherman Hill: Cheyenne - Laramie,False,,,,,,,,,,,
Train Sim World® 6: Spirit of Steam: Liverpool Lime Street - Crewe,False,,,,,,,,,,,
Train Valley 2,True,Train Valley 2,30.68,41.81,80.92,43.5,71.0,"PC, PlayStation 4",2018.0,1.0,1.0,Train Valley 2
Transistor,True,Transistor,5.99,8.4,15.81,7.74,80.0,"Linux, Mac, Mobile, Nintendo Switch, PC, PlayStation 4",2014.0,1.0,1.0,Transistor
Trine 2: Complete Story,True,Trine 2: Complete Story,9.08,13.53,34.71,13.75,74.0,"Linux, Mac, Nintendo Switch, PC, PlayStation 4, Wii U, Xbox One",2013.0,1.0,1.0,Trine 2: Complete Story
Trine 3: The Artifacts of Power,True,Trine 3: The Artifacts of Power,4.94,6.05,7.01,6.14,65.0,"Linux, Mac, Nintendo Switch, PC, PlayStation 4, Xbox One",2015.0,1.0,1.0,Trine 3: The Artifacts of Power
Trine 4: The Nightmare Prince,True,Trine 4: The Nightmare Prince,10.22,12.89,15.56,13.11,78.0,"Google Stadia, Nintendo Switch, PC, PlayStation 4, Xbox One",2019.0,1.0,1.0,Trine 4: The Nightmare Prince
Trine Classic Collection,False,,,,,,,,,,,
Tropico 5,True,Tropico 5,22.64,41.14,87.7,31.95,72.0,"PC, PlayStation 4, Xbox 360, Xbox One",2014.0,1.0,1.0,Tropico 5
Tunche,True,Tunche,7.79,10.78,14.93,8.37,59.0,"Nintendo Switch, PC, PlayStation 4, Xbox One",2021.0,1.0,1.0,Tunche
Turmoil,True,Turmoil,7.75,10.79,25.98,8.76,70.0,"Mac, Mobile, Nintendo Switch, PC",2016.0,1.0,1.0,Turmoil
Turnip Boy Commits Tax Evasion,True,Turnip Boy Commits Tax Evasion,2.12,2.68,3.27,2.85,75.0,"Linux, Mac, Mobile, Nintendo Switch, PC, PlayStation 4, Xbox One",2021.0,1.0,1.0,Turnip Boy Commits Tax Evasion
Turnip Boy Robs a Bank,True,Turnip Boy Robs a Bank,3.97,4.98,6.01,5.15,74.0,"Mobile, Nintendo Switch, PC, Xbox One",2024.0,1.0,1.0,Turnip Boy Robs a Bank
Two Point Hospital,True,Two Point Hospital,38.23,73.58,127.54,68.36,73.0,"Mac, Nintendo Switch, PC, PlayStation 4, Xbox One",2018.0,1.0,1.0,Two Point Hospital
Tyranny: Gold Edition,True,Tyranny - Gold Edition,24.75,40.22,86.87,43.87,78.0,PC,2019.0,0.4827586206896552,1.0,Tyranny
Undying,True,Undying,25.56,32.28,0.0,29.24,65.0,"Mac, Nintendo Switch, PC, PlayStation 5, Xbox Series X/S",2021.0,1.0,1.0,Undying
Universe for Sale,True,Universe For Sale,5.29,5.36,6.2,5.53,72.0,"Linux, Mac, Mobile, Nintendo Switch, PC, PlayStation 4, PlayStation 5, Xbox One, Xbox Series X/S",2021.0,1.0,1.0,Universe for Sale
Unrailed!,True,Unrailed!,7.07,11.11,43.42,11.91,73.0,"Nintendo Switch, PC, PlayStation 4, Xbox One",2019.0,1.0,1.0,Unrailed!
Vampire Survivors,True,Vampire Survivors,14.92,28.01,52.68,35.64,82.0,"Mac, Mobile, Nintendo Switch, PC, PlayStation 4, PlayStation 5, Xbox One, Xbox Series X/S",2022.0,1.0,1.0,Vampire Survivors
Vampyr,True,Vampyr,16.93,29.46,41.55,28.8,71.0,"Nintendo Switch, PC, PlayStation 4, Xbox One",2018.0,1.0,1.0,Vampyr
Verdun,True,Verdun,5.84,18.0,0.0,9.5,65.0,"Linux, Mac, PC, PlayStation 4, PlayStation 5, Xbox One, Xbox Series X/S",2013.0,1.0,1.0,Verdun
Viewfinder,True,Viewfinder,4.11,5.13,6.2,5.12,78.0,"Nintendo Switch, PC, PlayStation 4, PlayStation 5, Xbox Series X/S",2023.0,1.0,1.0,Viewfinder
Void Bastards,True,Void Bastards,8.49,13.97,28.32,11.58,72.0,"Nintendo Switch, PC, PlayStation 4, Xbox One",2019.0,1.0,1.0,Void Bastards
Wargame: Red Dragon,True,Wargame: Red Dragon,49.06,88.41,0.0,67.78,75.0,PC,2014.0,1.0,1.0,Wargame: Red Dragon
"Warhammer 40,000: Gladius - Relics of War",True,"Warhammer 40,000: Gladius - Relics of War",11.04,24.5,51.95,14.94,66.0,"Linux, PC",2018.0,1.0,1.0,"Warhammer 40,000: Gladius - Relics of War"
"Warhammer 40,000: Mechanicus",True,"Warhammer 40,000: Mechanicus",18.92,29.87,47.11,27.9,72.0,"Nintendo Switch, PC, PlayStation 4, Xbox One",2018.0,1.0,1.0,"Warhammer 40,000: Mechanicus"
"Warhammer 40,000: Rogue Trader - Limited Outfit Pack",False,,,,,,,,,,,
Warpips,True,Warpips,6.85,10.43,12.39,7.83,65.0,PC,2021.0,1.0,1.0,Warpips
Watch_Dogs,True,Watch Dogs,19.55,33.17,62.45,28.32,72.0,"Google Stadia, PC, PlayStation 3, PlayStation 4, Wii U, Xbox 360, Xbox One",2014.0,0.9,1.0,Watch_Dogs
Watch_Dogs 2,True,Watch Dogs 2,19.55,31.91,46.68,29.84,75.0,"Google Stadia, PC, PlayStation 4, Xbox One",2016.0,0.9166666666666666,1.0,Watch_Dogs 2
We Were Here Expeditions: The FriendShip,True,We Were Here Expeditions: The FriendShip,2.01,2.41,3.1,2.59,75.0,"PC, PlayStation 4, PlayStation 5, Xbox One, Xbox Series X/S",2023.0,1.0,1.0,We Were Here Expeditions: The FriendShip
We Were Here Together,True,We Were Here Together,6.54,7.49,8.94,7.17,75.0,"PC, PlayStation 4, Xbox One",2019.0,1.0,1.0,We Were Here Together
What Remains of Edith Finch,True,What Remains of Edith Finch,2.12,2.54,2.88,2.43,82.0,"Mobile, Nintendo Switch, PC, PlayStation 4, PlayStation 5, Xbox One, Xbox Series X/S",2017.0,1.0,1.0,What Remains of Edith Finch
Wheels of Aurelia,True,Wheels of Aurelia,0.48,1.19,5.45,0.89,47.0,"PC, Nintendo Switch, PlayStation 4, Xbox One",2016.0,1.0,1.0,Wheels of Aurelia
Where the Water Tastes Like Wine,True,Where the Water Tastes Like Wine,11.32,14.54,26.26,14.37,60.0,"Nintendo Switch, PC, PlayStation 4, Xbox One",2018.0,1.0,1.0,Where the Water Tastes Like Wine
Wild Card Football,True,Wild Card Football,28.23,0.0,0.0,28.23,53.0,"Nintendo Switch, PC, PlayStation 4, PlayStation 5, Xbox One, Xbox Series X/S",2023.0,1.0,1.0,Wild Card Football
Wildcat Gun Machine,True,Wildcat Gun Machine,6.16,10.0,11.5,7.2,57.0,"PC, PlayStation 4",2022.0,1.0,1.0,Wildcat Gun Machine
Wildgate: Standard Edition,False,,,,,,,,,,,
Wilmot's Warehouse,True,Wilmot's Warehouse,7.79,8.08,10.35,8.28,73.0,"Mobile, Nintendo Switch, PC, PlayStation 4, Xbox One",2019.0,1.0,1.0,Wilmot's Warehouse
Windbound,True,Windbound,14.13,15.36,19.57,14.93,56.0,"Google Stadia, Nintendo Switch, PC, PlayStation 4, Xbox One",2020.0,1.0,1.0,Windbound
Witch It,True,Witch It,1.58,17.62,0.0,6.17,65.0,PC,2017.0,1.0,1.0,Witch It
Wizard of Legend,True,Wizard of Legend,8.62,16.25,26.41,17.55,72.0,"Linux, Mac, Nintendo Switch, PC, PlayStation 4, Xbox One",2018.0,1.0,1.0,Wizard of Legend
Wolfenstein: The New Order,True,Wolfenstein: The New Order,11.36,15.33,24.33,13.6,79.0,"PC, PlayStation 3, PlayStation 4, Xbox 360, Xbox One",2014.0,1.0,1.0,Wolfenstein: The New Order
Wonder Boy: The Dragon's Trap,True,Wonder Boy: The Dragon's Trap,5.07,5.84,7.66,5.95,74.0,"Mobile, Nintendo Switch, PC, PlayStation 4, Xbox One",2017.0,1.0,1.0,Wonder Boy: The Dragon's Trap
World War Z,True,World War Z,7.4,13.16,47.19,9.94,68.0,"Nintendo Switch, PC, PlayStation 4, Xbox One",2019.0,1.0,1.0,World War Z
World War Z: Aftermath,True,World War Z: Aftermath,10.24,19.05,62.65,16.8,73.0,"PC, PlayStation 4, PlayStation 5, Xbox One, Xbox Series X/S",2021.0,1.0,1.0,World War Z: Aftermath
World of Goo,True,World of Goo,6.01,8.0,13.95,7.05,75.0,"Linux, Mac, Mobile, Nintendo Switch, PC, Wii",2008.0,1.0,1.0,World of Goo
World of Warships Exclusive Starter Pack,False,,,,,,,,,,,
World of Warships x Azur Lane — Quest for AL Avrora,False,,,,,,,,,,,
World of Warships x TMNT — Mission: Free Permanent Camo Unlock,False,,,,,,,,,,,
World of Warships — Anniversary Party Favor,False,,,,,,,,,,,
World of Warships — Courbet Epic Plunder Pack,False,,,,,,,,,,,
World of Warships — Epic Anniversary Tachibana Pack,False,,,,,,,,,,,
World of Warships — Starter Pack: Albany,False,,,,,,,,,,,
World of Warships — Starter Pack: Dreadnought,False,,,,,,,,,,,
World of Warships — Starter Pack: Ishizuchi,False,,,,,,,,,,,
Wuthering Waves Giveaway,False,,,,,,,,,,,
XCOM 2,True,XCOM 2,33.18,47.94,89.47,45.06,83.0,"Linux, Mac, Mobile, Nintendo Switch, PC, PlayStation 4, Xbox One",2016.0,1.0,1.0,XCOM 2
Yoku's Island Express,True,Yoku's Island Express,5.65,8.06,11.28,8.23,79.0,"Nintendo Switch, PC, PlayStation 4, Xbox One",2018.0,1.0,1.0,Yoku's Island Express
Yooka-Laylee,True,Yooka-Laylee,15.45,20.46,24.73,21.16,66.0,"Nintendo Switch, PC, PlayStation 4, Xbox One",2017.0,1.0,1.0,Yooka-Laylee
Yooka-Laylee and the Impossible Lair,True,Yooka-Laylee and the Impossible Lair,12.99,16.05,21.82,16.71,75.0,"Nintendo Switch, PC, PlayStation 4, Xbox One",2019.0,1.0,1.0,Yooka-Laylee and the Impossible Lair
Zero Hour,True,Zero Hour,14.36,0.0,0.0,14.36,62.0,PC,2020.0,1.0,1.0,Zero Hour
Zoeti,True,Zoeti,7.36,9.19,0.0,7.88,57.0,PC,2023.0,1.0,1.0,Zoeti
[REDACTED],True,[REDACTED],10.45,16.85,25.58,12.17,63.0,"PC, PlayStation 5, Xbox Series X/S",2024.0,1.0,1.0,[REDACTED]
art of rally,True,art of rally,16.18,19.47,31.35,19.76,71.0,"Mobile, Nintendo Switch, PC, PlayStation 4, PlayStation 5, Xbox One, Xbox Series X/S",2020.0,1.0,1.0,art of rally
shapez,True,shapez.io,26.61,40.77,45.02,34.8,72.0,"Browser, Mobile, PC",2020.0,1.0,0.95,shapez
theHunter: Call of the Wild,False,,,,,,,,,,,
while True: learn(),True,while True: learn(),6.7,8.98,14.12,9.89,65.0,"Mobile, Nintendo Switch, PC, PlayStation 4, Xbox One",2018.0,1.0,1.0,while True: learn()
Oddsparks: An Automation Adventure,True,Oddsparks: An Automation Adventure,79.97,84.43,0.0,80.61,73.0,"PC, PlayStation 5, Xbox Series X/S",2024.0,1.0,1.0,Oddsparks: An Automation Adventure
Trine (Enchanted Edition),False,,,,,,,,,,,
Fallout: A Post Nuclear Role Playing Game,True,Fallout,16.2,22.92,32.07,21.82,80.0,PC,1997.0,1.0,0.96,Fallout: A Post Nuclear Role Playing Game
LISA: The Joyful - Definitive Edition,False,,,,,,,,,,,
"LOVE (enhanced version, 2014)",False,,,,,,,,,,,
Destiny 2: The Witch Queen,False,,,,,,,,,,,
The Sims 4 - Fashion Street Kit,False,,,,,,,,,,,
BioShock Remastered,True,BioShock,12.11,15.64,23.23,14.38,85.0,"Mobile, Nintendo Switch, OnLive, PC, PlayStation 3, PlayStation 4, Xbox 360, Xbox One",2007.0,0.9743589743589743,0.99,BioShock Remastered
Tomb Raider GAME OF THE YEAR EDITION,True,Tomb Raider,11.32,15.46,20.91,14.33,81.0,"Google Stadia, Linux, Mac, Nintendo Switch, Nintendo Switch 2, PC, PlayStation 3, PlayStation 4, Xbox 360, Xbox One",2013.0,0.6792452830188679,0.99,Tomb Raider GAME OF THE YEAR EDITION
Shadowrun Returns,True,Shadowrun Returns,11.6,14.39,17.77,13.89,73.0,"Linux, Mac, Mobile, Nintendo Switch, PC, PlayStation 4, PlayStation 5, Xbox One, Xbox Series X/S",2013.0,1.0,1.0,Shadowrun Returns
Borderlands 2,True,Borderlands 2,30.09,54.86,130.23,52.46,81.0,"Linux, Mac, Mobile, PC, PlayStation 3, PlayStation Vita, Xbox 360",2012.0,1.0,1.0,Borderlands 2
Darksiders: Warmastered Edition,True,Darksiders,17.07,20.37,27.99,19.78,75.0,"Nintendo Switch, OnLive, PC, PlayStation 3, PlayStation 4, PlayStation 5, Wii U, Xbox 360, Xbox One, Xbox Series X/S",2010.0,1.0,0.96,Darksiders: Warmastered Edition
Batman: Arkham Asylum Game of the Year Edition,True,Batman: Arkham Asylum,11.98,16.39,25.31,14.76,85.0,"OnLive, PC, PlayStation 3, Xbox 360",2009.0,1.0,0.99,Batman: Arkham Asylum
LEGO Batman: The Videogame,True,LEGO Batman: The Videogame,9.95,16.27,29.31,17.93,74.0,"Nintendo DS, PC, PlayStation 2, PlayStation 3, PlayStation Portable, PlayStation Vita, Wii, Xbox 360, Xbox One",2008.0,1.0,1.0,LEGO Batman: The Videogame
